date,price,ticker,returns,treated,post,treated_post,days_to_event
2017-03-13 00:00:00-04:00,123.06694030761719,EFX,0.0009008997269874808,1,0,0,-179
2017-03-14 00:00:00-04:00,123.16838836669922,EFX,0.0008243323416381454,1,0,0,-178
2017-03-15 00:00:00-04:00,124.73694610595703,EFX,0.012735067496278951,1,0,0,-177
2017-03-16 00:00:00-04:00,124.59857940673828,EFX,-0.0011092679718262,1,0,0,-176
2017-03-17 00:00:00-04:00,125.59505462646484,EFX,0.007997484597907611,1,0,0,-175
2017-03-20 00:00:00-04:00,125.20751190185547,EFX,-0.0030856527413597457,1,0,0,-172
2017-03-21 00:00:00-04:00,124.6539077758789,EFX,-0.004421492908592506,1,0,0,-171
2017-03-22 00:00:00-04:00,126.38855743408203,EFX,0.01391572626284554,1,0,0,-170
2017-03-23 00:00:00-04:00,125.15217590332031,EFX,-0.009782385018569095,1,0,0,-169
2017-03-24 00:00:00-04:00,125.4197769165039,EFX,0.0021382050392022567,1,0,0,-168
2017-03-27 00:00:00-04:00,125.06913757324219,EFX,-0.002795726095854545,1,0,0,-165
2017-03-28 00:00:00-04:00,125.7519302368164,EFX,0.0054593217545324535,1,0,0,-164
2017-03-29 00:00:00-04:00,125.18902587890625,EFX,-0.004476307893247378,1,0,0,-163
2017-03-30 00:00:00-04:00,126.00105285644531,EFX,0.006486407029994146,1,0,0,-162
2017-03-31 00:00:00-04:00,126.16712188720703,EFX,0.001317997167459506,1,0,0,-161
2017-04-03 00:00:00-04:00,125.57659149169922,EFX,-0.004680541068660893,1,0,0,-158
2017-04-04 00:00:00-04:00,125.30902099609375,EFX,-0.0021307354533759426,1,0,0,-157
2017-04-05 00:00:00-04:00,125.85340881347656,EFX,0.0043443625451338175,1,0,0,-156
2017-04-06 00:00:00-04:00,125.54891967773438,EFX,-0.002419395220303211,1,0,0,-155
2017-04-07 00:00:00-04:00,125.68731689453125,EFX,0.001102336978702212,1,0,0,-154
2017-04-10 00:00:00-04:00,125.10600280761719,EFX,-0.004625081521963503,1,0,0,-151
2017-04-11 00:00:00-04:00,125.24443054199219,EFX,0.0011064835520950833,1,0,0,-150
2017-04-12 00:00:00-04:00,124.84770202636719,EFX,-0.0031676339930499786,1,0,0,-149
2017-04-13 00:00:00-04:00,124.4325180053711,EFX,-0.0033255239324181396,1,0,0,-148
2017-04-17 00:00:00-04:00,126.43467712402344,EFX,0.016090320687442095,1,0,0,-144
2017-04-18 00:00:00-04:00,126.674560546875,EFX,0.0018972913785058054,1,0,0,-143
2017-04-19 00:00:00-04:00,125.85340881347656,EFX,-0.0064823728604496145,1,0,0,-142
2017-04-20 00:00:00-04:00,126.69303131103516,EFX,0.00667143230743128,1,0,0,-141
2017-04-21 00:00:00-04:00,126.71150207519531,EFX,0.00014579147699778083,1,0,0,-140
2017-04-24 00:00:00-04:00,128.47381591796875,EFX,0.013908081065344913,1,0,0,-137
2017-04-25 00:00:00-04:00,128.68600463867188,EFX,0.001651610635108769,1,0,0,-136
2017-04-26 00:00:00-04:00,128.01251220703125,EFX,-0.005233610550981593,1,0,0,-135
2017-04-27 00:00:00-04:00,125.65962219238281,EFX,-0.01838015654940961,1,0,0,-134
2017-04-28 00:00:00-04:00,124.84770202636719,EFX,-0.006461265375862668,1,0,0,-133
2017-05-01 00:00:00-04:00,124.5616683959961,EFX,-0.0022910604338611806,1,0,0,-130
2017-05-02 00:00:00-04:00,125.92720794677734,EFX,0.01096275899613075,1,0,0,-129
2017-05-03 00:00:00-04:00,125.55815124511719,EFX,-0.0029307145586531247,1,0,0,-128
2017-05-04 00:00:00-04:00,126.27782440185547,EFX,0.005731791600955605,1,0,0,-127
2017-05-05 00:00:00-04:00,128.07701110839844,EFX,0.014247843713377506,1,0,0,-126
2017-05-08 00:00:00-04:00,126.61922454833984,EFX,-0.011382109462445111,1,0,0,-123
2017-05-09 00:00:00-04:00,125.36439514160156,EFX,-0.009910259766748308,1,0,0,-122
2017-05-10 00:00:00-04:00,125.40127563476562,EFX,0.0002941863447145643,1,0,0,-121
2017-05-11 00:00:00-04:00,125.16141510009766,EFX,-0.001912743976915876,1,0,0,-120
2017-05-12 00:00:00-04:00,124.6078109741211,EFX,-0.004423121339222735,1,0,0,-119
2017-05-15 00:00:00-04:00,126.06564331054688,EFX,0.01169936559377116,1,0,0,-116
2017-05-16 00:00:00-04:00,125.18902587890625,EFX,-0.006953658495845616,1,0,0,-115
2017-05-17 00:00:00-04:00,123.85115814208984,EFX,-0.010686781268755219,1,0,0,-114
2017-05-18 00:00:00-04:00,124.81076049804688,EFX,0.007748028927239581,1,0,0,-113
2017-05-19 00:00:00-04:00,125.82572937011719,EFX,0.008132062235821413,1,0,0,-112
2017-05-22 00:00:00-04:00,126.683837890625,EFX,0.006819817574700293,1,0,0,-109
2017-05-23 00:00:00-04:00,126.54499053955078,EFX,-0.0010960147196842351,1,0,0,-108
2017-05-24 00:00:00-04:00,126.20263671875,EFX,-0.0027053921245011603,1,0,0,-107
2017-05-25 00:00:00-04:00,126.88739776611328,EFX,0.005425885426540766,1,0,0,-106
2017-05-26 00:00:00-04:00,126.23963165283203,EFX,-0.005105046873727037,1,0,0,-105
2017-05-30 00:00:00-04:00,126.49874114990234,EFX,0.0020525210164021868,1,0,0,-101
2017-05-31 00:00:00-04:00,126.58204650878906,EFX,0.0006585469399098542,1,0,0,-100
2017-06-01 00:00:00-04:00,127.59064483642578,EFX,0.00796794139022472,1,0,0,-99
2017-06-02 00:00:00-04:00,127.33155059814453,EFX,-0.0020306679899095847,1,0,0,-98
2017-06-05 00:00:00-04:00,127.84046173095703,EFX,0.0039967402456175805,1,0,0,-95
2017-06-06 00:00:00-04:00,126.88739776611328,EFX,-0.00745510421301121,1,0,0,-94
2017-06-07 00:00:00-04:00,127.1187744140625,EFX,0.0018234801250767152,1,0,0,-93
2017-06-08 00:00:00-04:00,125.33289337158203,EFX,-0.014048916461885774,1,0,0,-92
2017-06-09 00:00:00-04:00,125.39762115478516,EFX,0.0005164468916489806,1,0,0,-91
2017-06-12 00:00:00-04:00,126.60981750488281,EFX,0.009666820940736898,1,0,0,-88
2017-06-13 00:00:00-04:00,129.85763549804688,EFX,0.025652181301333954,1,0,0,-87
2017-06-14 00:00:00-04:00,130.47760009765625,EFX,0.00477418672557528,1,0,0,-86
2017-06-15 00:00:00-04:00,131.04200744628906,EFX,0.004325703018835281,1,0,0,-85
2017-06-16 00:00:00-04:00,131.9302978515625,EFX,0.006778669089280598,1,0,0,-84
2017-06-19 00:00:00-04:00,131.2086181640625,EFX,-0.005470158858520757,1,0,0,-81
2017-06-20 00:00:00-04:00,129.1358642578125,EFX,-0.015797391476665368,1,0,0,-80
2017-06-21 00:00:00-04:00,128.6454620361328,EFX,-0.0037975679684199015,1,0,0,-79
2017-06-22 00:00:00-04:00,128.5529327392578,EFX,-0.0007192581487951433,1,0,0,-78
2017-06-23 00:00:00-04:00,128.97857666015625,EFX,0.003311040143765265,1,0,0,-77
2017-06-26 00:00:00-04:00,129.01559448242188,EFX,0.0002870075265535288,1,0,0,-74
2017-06-27 00:00:00-04:00,128.0162811279297,EFX,-0.007745678795661681,1,0,0,-73
2017-06-28 00:00:00-04:00,129.08966064453125,EFX,0.008384710969137732,1,0,0,-72
2017-06-29 00:00:00-04:00,126.90585327148438,EFX,-0.016916981283732202,1,0,0,-71
2017-06-30 00:00:00-04:00,127.15571594238281,EFX,0.001968882163093877,1,0,0,-70
2017-07-03 00:00:00-04:00,127.70161437988281,EFX,0.004293149021687315,1,0,0,-67
2017-07-05 00:00:00-04:00,129.12664794921875,EFX,0.011159088130998862,1,0,0,-65
2017-07-06 00:00:00-04:00,126.970703125,EFX,-0.016696358640600706,1,0,0,-64
2017-07-07 00:00:00-04:00,128.03480529785156,EFX,0.00838069055823043,1,0,0,-63
2017-07-10 00:00:00-04:00,128.61773681640625,EFX,0.004552914476642522,1,0,0,-60
2017-07-11 00:00:00-04:00,128.5529327392578,EFX,-0.0005038502367752384,1,0,0,-59
2017-07-12 00:00:00-04:00,129.35794067382812,EFX,0.006262073664263346,1,0,0,-58
2017-07-13 00:00:00-04:00,128.73800659179688,EFX,-0.004792392943193113,1,0,0,-57
2017-07-14 00:00:00-04:00,129.3302459716797,EFX,0.004600346048239556,1,0,0,-56
2017-07-17 00:00:00-04:00,129.59857177734375,EFX,0.0020747335911108777,1,0,0,-53
2017-07-18 00:00:00-04:00,130.94947814941406,EFX,0.010423775150788073,1,0,0,-52
2017-07-19 00:00:00-04:00,132.05987548828125,EFX,0.008479585826223879,1,0,0,-51
2017-07-20 00:00:00-04:00,132.30966186523438,EFX,0.0018914630657462794,1,0,0,-50
2017-07-21 00:00:00-04:00,133.14244079589844,EFX,0.006294165663519813,1,0,0,-49
2017-07-24 00:00:00-04:00,133.7254180908203,EFX,0.004378598525285771,1,0,0,-46
2017-07-25 00:00:00-04:00,133.98448181152344,EFX,0.0019372810674420649,1,0,0,-45
2017-07-26 00:00:00-04:00,135.28912353515625,EFX,0.00973725991244323,1,0,0,-44
2017-07-27 00:00:00-04:00,132.02285766601562,EFX,-0.02414285630501445,1,0,0,-43
2017-07-28 00:00:00-04:00,134.25282287597656,EFX,0.01689075096073278,1,0,0,-42
2017-07-31 00:00:00-04:00,134.5767364501953,EFX,0.002412713321625848,1,0,0,-39
2017-08-01 00:00:00-04:00,135.3354034423828,EFX,0.005637430451943537,1,0,0,-38
2017-08-02 00:00:00-04:00,134.6229705810547,EFX,-0.0052642017033734945,1,0,0,-37
2017-08-03 00:00:00-04:00,134.11404418945312,EFX,-0.0037803830163972707,1,0,0,-36
2017-08-04 00:00:00-04:00,134.56744384765625,EFX,0.0033807023040974826,1,0,0,-35
2017-08-07 00:00:00-04:00,134.60443115234375,EFX,0.0002748607213596266,1,0,0,-32
2017-08-08 00:00:00-04:00,131.73599243164062,EFX,-0.02131013590077624,1,0,0,-31
2017-08-09 00:00:00-04:00,132.263427734375,EFX,0.004003729679328716,1,0,0,-30
2017-08-10 00:00:00-04:00,131.4491424560547,EFX,-0.006156541473850585,1,0,0,-29
2017-08-11 00:00:00-04:00,130.79222106933594,EFX,-0.00499753269169001,1,0,0,-28
2017-08-14 00:00:00-04:00,132.14309692382812,EFX,0.01032841130342188,1,0,0,-25
2017-08-15 00:00:00-04:00,132.20787048339844,EFX,0.0004901773991845548,1,0,0,-24
2017-08-16 00:00:00-04:00,132.3189697265625,EFX,0.0008403375892664933,1,0,0,-23
2017-08-17 00:00:00-04:00,130.12600708007812,EFX,-0.016573305029627505,1,0,0,-22
2017-08-18 00:00:00-04:00,129.4412384033203,EFX,-0.005262350640916957,1,0,0,-21
2017-08-21 00:00:00-04:00,129.3949432373047,EFX,-0.0003576539176129989,1,0,0,-18
2017-08-22 00:00:00-04:00,131.59718322753906,EFX,0.017019521282184646,1,0,0,-17
2017-08-23 00:00:00-04:00,130.80850219726562,EFX,-0.005993145224923002,1,0,0,-16
2017-08-24 00:00:00-04:00,130.25180053710938,EFX,-0.00425585226346159,1,0,0,-15
2017-08-25 00:00:00-04:00,130.54876708984375,EFX,0.0022799420162316064,1,0,0,-14
2017-08-28 00:00:00-04:00,130.4744873046875,EFX,-0.0005689811310521931,1,0,0,-11
2017-08-29 00:00:00-04:00,130.64151000976562,EFX,0.0012801177343435555,1,0,0,-10
2017-08-30 00:00:00-04:00,131.21678161621094,EFX,0.0044034365983851576,1,0,0,-9
2017-08-31 00:00:00-04:00,132.1909942626953,EFX,0.007424451617277006,1,0,0,-8
2017-09-01 00:00:00-04:00,131.37452697753906,EFX,-0.006176421394741394,1,0,0,-7
2017-09-05 00:00:00-04:00,130.91989135742188,EFX,-0.003460607094668444,1,0,0,-3
2017-09-06 00:00:00-04:00,131.18893432617188,EFX,0.0020550197984468,1,0,0,-2
2017-09-07 00:00:00-04:00,132.42303466796875,EFX,0.009407046014479947,1,0,0,-1
2017-09-08 00:00:00-04:00,114.33917999267578,EFX,-0.13656124646769774,1,1,1,0
2017-09-11 00:00:00-04:00,104.95858001708984,EFX,-0.08204186855447826,1,1,1,3
2017-09-12 00:00:00-04:00,107.59368133544922,EFX,0.02510610678927172,1,1,1,4
2017-09-13 00:00:00-04:00,91.84803009033203,EFX,-0.14634364257903143,1,1,1,5
2017-09-14 00:00:00-04:00,89.68614196777344,EFX,-0.023537664557774285,1,1,1,6
2017-09-15 00:00:00-04:00,86.27163696289062,EFX,-0.03807171241806495,1,1,1,7
2017-09-18 00:00:00-04:00,87.57064056396484,EFX,0.015057134033900077,1,1,1,10
2017-09-19 00:00:00-04:00,88.02530670166016,EFX,0.005191992827358716,1,1,1,11
2017-09-20 00:00:00-04:00,89.0737533569336,EFX,0.011910741292011418,1,1,1,12
2017-09-21 00:00:00-04:00,91.16141510009766,EFX,0.023437451151277378,1,1,1,13
2017-09-22 00:00:00-04:00,97.46156311035156,EFX,0.0691098092689344,1,1,1,14
2017-09-25 00:00:00-04:00,97.5079116821289,EFX,0.00047555744334681904,1,1,1,17
2017-09-26 00:00:00-04:00,98.39867401123047,EFX,0.009135282601532957,1,1,1,18
2017-09-27 00:00:00-04:00,98.76053619384766,EFX,0.0036775107617394998,1,1,1,19
2017-09-28 00:00:00-04:00,98.69558715820312,EFX,-0.0006576415858764451,1,1,1,20
2017-09-29 00:00:00-04:00,98.34300994873047,EFX,-0.003572370555002591,1,1,1,21
2017-03-13 00:00:00-04:00,103.54752349853516,MCO,0.0019652194545505264,0,0,0,-179
2017-03-14 00:00:00-04:00,103.5106201171875,MCO,-0.00035639076726134977,0,0,0,-178
2017-03-15 00:00:00-04:00,104.23080444335938,MCO,0.006957588751342891,0,0,0,-177
2017-03-16 00:00:00-04:00,104.83092498779297,MCO,0.005757612134325463,0,0,0,-176
2017-03-17 00:00:00-04:00,103.3536605834961,MCO,-0.014091876080163268,0,0,0,-175
2017-03-20 00:00:00-04:00,103.64910888671875,MCO,0.002858614794625236,0,0,0,-172
2017-03-21 00:00:00-04:00,102.37495422363281,MCO,-0.012292963024684522,0,0,0,-171
2017-03-22 00:00:00-04:00,102.60579681396484,MCO,0.002254873685489267,0,0,0,-170
2017-03-23 00:00:00-04:00,103.5660171508789,MCO,0.00935834394088908,0,0,0,-169
2017-03-24 00:00:00-04:00,103.84300994873047,MCO,0.002674552961209553,0,0,0,-168
2017-03-27 00:00:00-04:00,102.86428833007812,MCO,-0.009425012036299418,0,0,0,-165
2017-03-28 00:00:00-04:00,102.72582244873047,MCO,-0.0013461025550804973,0,0,0,-164
2017-03-29 00:00:00-04:00,102.90126037597656,MCO,0.0017078269422827752,0,0,0,-163
2017-03-30 00:00:00-04:00,103.0582046508789,MCO,0.0015251929308630618,0,0,0,-162
2017-03-31 00:00:00-04:00,103.44598388671875,MCO,0.003762720660169583,0,0,0,-161
2017-04-03 00:00:00-04:00,103.31671905517578,MCO,-0.0012495877238165587,0,0,0,-158
2017-04-04 00:00:00-04:00,102.83660125732422,MCO,-0.004647048437486312,0,0,0,-157
2017-04-05 00:00:00-04:00,104.39698028564453,MCO,0.015173381940305708,0,0,0,-156
2017-04-06 00:00:00-04:00,104.646240234375,MCO,0.002387616462166342,0,0,0,-155
2017-04-07 00:00:00-04:00,104.59088134765625,MCO,-0.0005290098009710364,0,0,0,-154
2017-04-10 00:00:00-04:00,104.27694702148438,MCO,-0.003001545853011489,0,0,0,-151
2017-04-11 00:00:00-04:00,104.68318939208984,MCO,0.003895802305391438,0,0,0,-150
2017-04-12 00:00:00-04:00,104.31391143798828,MCO,-0.0035275764546915944,0,0,0,-149
2017-04-13 00:00:00-04:00,103.80606842041016,MCO,-0.0048684112270108715,0,0,0,-148
2017-04-17 00:00:00-04:00,105.50492095947266,MCO,0.016365638010508388,0,0,0,-144
2017-04-18 00:00:00-04:00,105.38489532470703,MCO,-0.0011376306780205292,0,0,0,-143
2017-04-19 00:00:00-04:00,105.60650634765625,MCO,0.0021028727339567066,0,0,0,-142
2017-04-20 00:00:00-04:00,106.51134490966797,MCO,0.0085680190861821,0,0,0,-141
2017-04-21 00:00:00-04:00,106.1974105834961,MCO,-0.0029474261773534405,0,0,0,-140
2017-04-24 00:00:00-04:00,108.67183685302734,MCO,0.023300250504561637,0,0,0,-137
2017-04-25 00:00:00-04:00,109.0134506225586,MCO,0.0031435354312936425,0,0,0,-136
2017-04-26 00:00:00-04:00,109.64131164550781,MCO,0.0057594821498043736,0,0,0,-135
2017-04-27 00:00:00-04:00,110.2691421508789,MCO,0.00572622213241103,0,0,0,-134
2017-04-28 00:00:00-04:00,109.24427032470703,MCO,-0.00929427586159659,0,0,0,-133
2017-05-01 00:00:00-04:00,108.85650634765625,MCO,-0.0035495131771966504,0,0,0,-130
2017-05-02 00:00:00-04:00,109.73361206054688,MCO,0.0080574486755014,0,0,0,-129
2017-05-03 00:00:00-04:00,109.5489501953125,MCO,-0.0016828195278260072,0,0,0,-128
2017-05-04 00:00:00-04:00,110.24142456054688,MCO,0.00632114104242687,0,0,0,-127
2017-05-05 00:00:00-04:00,109.16117095947266,MCO,-0.009798980785856282,0,0,0,-126
2017-05-08 00:00:00-04:00,107.73005676269531,MCO,-0.013110103017387575,0,0,0,-123
2017-05-09 00:00:00-04:00,107.75777435302734,MCO,0.00025728743829667167,0,0,0,-122
2017-05-10 00:00:00-04:00,107.66543579101562,MCO,-0.0008569085856321434,0,0,0,-121
2017-05-11 00:00:00-04:00,106.7052230834961,MCO,-0.008918486239013146,0,0,0,-120
2017-05-12 00:00:00-04:00,105.9665756225586,MCO,-0.006922317760954533,0,0,0,-119
2017-05-15 00:00:00-04:00,107.20379638671875,MCO,0.01167557559439314,0,0,0,-116
2017-05-16 00:00:00-04:00,106.39131164550781,MCO,-0.007578880306440272,0,0,0,-115
2017-05-17 00:00:00-04:00,104.28618621826172,MCO,-0.019786629139983747,0,0,0,-114
2017-05-18 00:00:00-04:00,105.04583740234375,MCO,0.007284293458504232,0,0,0,-113
2017-05-19 00:00:00-04:00,106.30574035644531,MCO,0.011993839882259438,0,0,0,-112
2017-05-22 00:00:00-04:00,106.50956726074219,MCO,0.0019173649853096997,0,0,0,-109
2017-05-23 00:00:00-04:00,106.4354476928711,MCO,-0.0006958958690503891,0,0,0,-108
2017-05-24 00:00:00-04:00,106.58370208740234,MCO,0.0013929043166056587,0,0,0,-107
2017-05-25 00:00:00-04:00,107.96404266357422,MCO,0.012950765915786588,0,0,0,-106
2017-05-26 00:00:00-04:00,108.49209594726562,MCO,0.004891010661177919,0,0,0,-105
2017-05-30 00:00:00-04:00,108.16786193847656,MCO,-0.002988549589332812,0,0,0,-101
2017-05-31 00:00:00-04:00,109.7334976196289,MCO,0.014474129867176666,0,0,0,-100
2017-06-01 00:00:00-04:00,110.24303436279297,MCO,0.004643402007746822,0,0,0,-99
2017-06-02 00:00:00-04:00,110.07626342773438,MCO,-0.001512757119055519,0,0,0,-98
2017-06-05 00:00:00-04:00,110.11331176757812,MCO,0.00033656974437601406,0,0,0,-95
2017-06-06 00:00:00-04:00,109.10354614257812,MCO,-0.009170241170580407,0,0,0,-94
2017-06-07 00:00:00-04:00,109.0108871459961,MCO,-0.0008492757555372821,0,0,0,-93
2017-06-08 00:00:00-04:00,108.74223327636719,MCO,-0.0024644682440672083,0,0,0,-92
2017-06-09 00:00:00-04:00,108.22341918945312,MCO,-0.004771044986684236,0,0,0,-91
2017-06-12 00:00:00-04:00,108.56622314453125,MCO,0.0031675579800156672,0,0,0,-88
2017-06-13 00:00:00-04:00,110.16889953613281,MCO,0.01476220085014801,0,0,0,-87
2017-06-14 00:00:00-04:00,111.1786880493164,MCO,0.009165821910133598,0,0,0,-86
2017-06-15 00:00:00-04:00,112.16996765136719,MCO,0.008916093717629359,0,0,0,-85
2017-06-16 00:00:00-04:00,113.25384521484375,MCO,0.009662814264557396,0,0,0,-84
2017-06-19 00:00:00-04:00,113.18901062011719,MCO,-0.0005724714653491114,0,0,0,-81
2017-06-20 00:00:00-04:00,112.27186584472656,MCO,-0.00810277226000966,0,0,0,-80
2017-06-21 00:00:00-04:00,110.18742370605469,MCO,-0.018566023847458646,0,0,0,-79
2017-06-22 00:00:00-04:00,109.98363494873047,MCO,-0.0018494738371219732,0,0,0,-78
2017-06-23 00:00:00-04:00,111.22502136230469,MCO,0.011287010237049255,0,0,0,-77
2017-06-26 00:00:00-04:00,111.7437973022461,MCO,0.004664201755929964,0,0,0,-74
2017-06-27 00:00:00-04:00,111.5584945678711,MCO,-0.0016582820599320147,0,0,0,-73
2017-06-28 00:00:00-04:00,113.22605895996094,MCO,0.014947892570164711,0,0,0,-72
2017-06-29 00:00:00-04:00,112.43860626220703,MCO,-0.006954694926124438,0,0,0,-71
2017-06-30 00:00:00-04:00,112.72578430175781,MCO,0.0025540875069287594,0,0,0,-70
2017-07-03 00:00:00-04:00,113.040771484375,MCO,0.0027942780311378534,0,0,0,-67
2017-07-05 00:00:00-04:00,114.85655212402344,MCO,0.016063059512110733,0,0,0,-65
2017-07-06 00:00:00-04:00,113.17975616455078,MCO,-0.014599044882193879,0,0,0,-64
2017-07-07 00:00:00-04:00,114.33775329589844,MCO,0.01023148635931026,0,0,0,-63
2017-07-10 00:00:00-04:00,113.9764404296875,MCO,-0.003160048678548799,0,0,0,-60
2017-07-11 00:00:00-04:00,113.58735656738281,MCO,-0.003413721825649696,0,0,0,-59
2017-07-12 00:00:00-04:00,115.13445281982422,MCO,0.013620320951158282,0,0,0,-58
2017-07-13 00:00:00-04:00,115.50505065917969,MCO,0.003218826600369873,0,0,0,-57
2017-07-14 00:00:00-04:00,115.89412689208984,MCO,0.0033684780941589665,0,0,0,-56
2017-07-17 00:00:00-04:00,116.14427185058594,MCO,0.002158392018682731,0,0,0,-53
2017-07-18 00:00:00-04:00,116.58892822265625,MCO,0.0038284830150068228,0,0,0,-52
2017-07-19 00:00:00-04:00,117.28377532958984,MCO,0.005959803538176489,0,0,0,-51
2017-07-20 00:00:00-04:00,117.81179809570312,MCO,0.004502095576557341,0,0,0,-50
2017-07-21 00:00:00-04:00,122.81439971923828,MCO,0.04246265403292937,0,0,0,-49
2017-07-24 00:00:00-04:00,123.74085235595703,MCO,0.00754351801447295,0,0,0,-46
2017-07-25 00:00:00-04:00,122.98120880126953,MCO,-0.006138987571398635,0,0,0,-45
2017-07-26 00:00:00-04:00,123.47217559814453,MCO,0.003992209880359532,0,0,0,-44
2017-07-27 00:00:00-04:00,122.18445587158203,MCO,-0.0104292300700487,0,0,0,-43
2017-07-28 00:00:00-04:00,122.48091888427734,MCO,0.0024263562053008503,0,0,0,-42
2017-07-31 00:00:00-04:00,121.94358825683594,MCO,-0.004387055815192609,0,0,0,-39
2017-08-01 00:00:00-04:00,121.90655517578125,MCO,-0.0003036902684599996,0,0,0,-38
2017-08-02 00:00:00-04:00,119.84989929199219,MCO,-0.016870757120677426,0,0,0,-37
2017-08-03 00:00:00-04:00,119.24775695800781,MCO,-0.005024137171090737,0,0,0,-36
2017-08-04 00:00:00-04:00,119.77579498291016,MCO,0.004428075113297902,0,0,0,-35
2017-08-07 00:00:00-04:00,119.57199096679688,MCO,-0.001701545927057846,0,0,0,-32
2017-08-08 00:00:00-04:00,118.30278778076172,MCO,-0.010614552586881265,0,0,0,-31
2017-08-09 00:00:00-04:00,118.59925079345703,MCO,0.002505968103175382,0,0,0,-30
2017-08-10 00:00:00-04:00,117.57093048095703,MCO,-0.008670546446291172,0,0,0,-29
2017-08-11 00:00:00-04:00,118.35838317871094,MCO,0.006697681940022182,0,0,0,-28
2017-08-14 00:00:00-04:00,120.9245376586914,MCO,0.021681222834091907,0,0,0,-25
2017-08-15 00:00:00-04:00,122.47163391113281,MCO,0.012793898429515282,0,0,0,-24
2017-08-16 00:00:00-04:00,122.36976623535156,MCO,-0.0008317654670563224,0,0,0,-23
2017-08-17 00:00:00-04:00,120.63738250732422,MCO,-0.014156958710662915,0,0,0,-22
2017-08-18 00:00:00-04:00,121.24128723144531,MCO,0.005005950158811112,0,0,0,-21
2017-08-21 00:00:00-04:00,121.53861236572266,MCO,0.002452342276024755,0,0,0,-18
2017-08-22 00:00:00-04:00,123.18315887451172,MCO,0.013531062077954736,0,0,0,-17
2017-08-23 00:00:00-04:00,122.66285705566406,MCO,-0.00422380643264475,0,0,0,-16
2017-08-24 00:00:00-04:00,122.83007049560547,MCO,0.001363195379229687,0,0,0,-15
2017-08-25 00:00:00-04:00,123.00659942626953,MCO,0.0014371800809995783,0,0,0,-14
2017-08-28 00:00:00-04:00,123.27603912353516,MCO,0.0021904491183590835,0,0,0,-11
2017-08-29 00:00:00-04:00,123.60124969482422,MCO,0.002638067978183223,0,0,0,-10
2017-08-30 00:00:00-04:00,124.91130828857422,MCO,0.010599072395987674,0,0,0,-9
2017-08-31 00:00:00-04:00,124.53036499023438,MCO,-0.003049710258896443,0,0,0,-8
2017-09-01 00:00:00-04:00,124.27948760986328,MCO,-0.0020145880114521564,0,0,0,-7
2017-09-05 00:00:00-04:00,123.62911987304688,MCO,-0.005233106036436452,0,0,0,-3
2017-09-06 00:00:00-04:00,124.72551727294922,MCO,0.008868439741609668,0,0,0,-2
2017-09-07 00:00:00-04:00,124.7069320678711,MCO,-0.000149008843454701,0,0,0,-1
2017-09-08 00:00:00-04:00,125.75685119628906,MCO,0.00841909195429924,0,1,0,0
2017-09-11 00:00:00-04:00,126.1006088256836,MCO,0.0027335101517289573,0,1,0,3
2017-09-12 00:00:00-04:00,126.50947570800781,MCO,0.003242386267059416,0,1,0,4
2017-09-13 00:00:00-04:00,125.7754135131836,MCO,-0.005802428558936423,0,1,0,5
2017-09-14 00:00:00-04:00,125.39446258544922,MCO,-0.003028818726121263,0,1,0,6
2017-09-15 00:00:00-04:00,126.66736602783203,MCO,0.010151193411075843,0,1,0,7
2017-09-18 00:00:00-04:00,127.06688690185547,MCO,0.0031540947487267434,0,1,0,10
2017-09-19 00:00:00-04:00,127.04827117919922,MCO,-0.00014650333466204035,0,1,0,11
2017-09-20 00:00:00-04:00,127.07618713378906,MCO,0.0002197271504031928,0,1,0,12
2017-09-21 00:00:00-04:00,126.9646987915039,MCO,-0.0008773346509662883,0,1,0,13
2017-09-22 00:00:00-04:00,128.24688720703125,MCO,0.01009877885531707,0,1,0,14
2017-09-25 00:00:00-04:00,128.94371032714844,MCO,0.005433450552232877,0,1,0,17
2017-09-26 00:00:00-04:00,128.54415893554688,MCO,-0.003098649717677926,0,1,0,18
2017-09-27 00:00:00-04:00,128.8787078857422,MCO,0.0026025993943687986,0,1,0,19
2017-09-28 00:00:00-04:00,128.7857208251953,MCO,-0.000721508324162512,0,1,0,20
2017-09-29 00:00:00-04:00,129.34323120117188,MCO,0.004328976631914783,0,1,0,21
2017-03-13 00:00:00-04:00,36.5816650390625,TRU,-0.00210543359621862,0,0,0,-179
2017-03-14 00:00:00-04:00,36.2729606628418,TRU,-0.008438773245861397,0,0,0,-178
2017-03-15 00:00:00-04:00,36.48520278930664,TRU,0.0058512490457462984,0,0,0,-177
2017-03-16 00:00:00-04:00,36.41767120361328,TRU,-0.0018509308029158733,0,0,0,-176
2017-03-17 00:00:00-04:00,36.60096740722656,TRU,0.005033166524802235,0,0,0,-175
2017-03-20 00:00:00-04:00,36.55272674560547,TRU,-0.0013180160263077667,0,0,0,-172
2017-03-21 00:00:00-04:00,36.05108642578125,TRU,-0.013723745517412844,0,0,0,-171
2017-03-22 00:00:00-04:00,36.40802764892578,TRU,0.009900983813050157,0,0,0,-170
2017-03-23 00:00:00-04:00,36.35014724731445,TRU,-0.001589770315751693,0,0,0,-169
2017-03-24 00:00:00-04:00,36.36942672729492,TRU,0.0005303824452016492,0,0,0,-168
2017-03-27 00:00:00-04:00,36.118614196777344,TRU,-0.006896246465423306,0,0,0,-165
2017-03-28 00:00:00-04:00,36.436954498291016,TRU,0.008813746279946466,0,0,0,-164
2017-03-29 00:00:00-04:00,36.909664154052734,TRU,0.012973358017171588,0,0,0,-163
2017-03-30 00:00:00-04:00,37.15085220336914,TRU,0.006534550092619051,0,0,0,-162
2017-03-31 00:00:00-04:00,36.996498107910156,TRU,-0.004154792859502376,0,0,0,-161
2017-04-03 00:00:00-04:00,36.639556884765625,TRU,-0.009647973224476969,0,0,0,-158
2017-04-04 00:00:00-04:00,36.83248519897461,TRU,0.005265574439553333,0,0,0,-157
2017-04-05 00:00:00-04:00,36.75531005859375,TRU,-0.002095300926992727,0,0,0,-156
2017-04-06 00:00:00-04:00,36.95791244506836,TRU,0.005512193643629537,0,0,0,-155
2017-04-07 00:00:00-04:00,36.88072204589844,TRU,-0.002088602793370753,0,0,0,-154
2017-04-10 00:00:00-04:00,36.909664154052734,TRU,0.0007847489568744148,0,0,0,-151
2017-04-11 00:00:00-04:00,37.16049575805664,TRU,0.006795824609971746,0,0,0,-150
2017-04-12 00:00:00-04:00,36.75531005859375,TRU,-0.010903667757851232,0,0,0,-149
2017-04-13 00:00:00-04:00,36.62989807128906,TRU,-0.003412078067216995,0,0,0,-148
2017-04-17 00:00:00-04:00,37.247314453125,TRU,0.016855530982759603,0,0,0,-144
2017-04-18 00:00:00-04:00,37.35344314575195,TRU,0.002849297840264775,0,0,0,-143
2017-04-19 00:00:00-04:00,37.32448196411133,TRU,-0.0007753283018012702,0,0,0,-142
2017-04-20 00:00:00-04:00,37.99013900756836,TRU,0.017834327723478705,0,0,0,-141
2017-04-21 00:00:00-04:00,37.874366760253906,TRU,-0.003047428894413562,0,0,0,-140
2017-04-24 00:00:00-04:00,38.46284866333008,TRU,0.015537735767340521,0,0,0,-137
2017-04-25 00:00:00-04:00,37.43062210083008,TRU,-0.026836976416780844,0,0,0,-136
2017-04-26 00:00:00-04:00,38.38566970825195,TRU,0.025515141181708945,0,0,0,-135
2017-04-27 00:00:00-04:00,38.89697265625,TRU,0.013320151814053993,0,0,0,-134
2017-04-28 00:00:00-04:00,38.61719512939453,TRU,-0.007192784110166883,0,0,0,-133
2017-05-01 00:00:00-04:00,38.90660858154297,TRU,0.007494419291165455,0,0,0,-130
2017-05-02 00:00:00-04:00,38.71367263793945,TRU,-0.004958950436380172,0,0,0,-129
2017-05-03 00:00:00-04:00,38.520721435546875,TRU,-0.004984058324745133,0,0,0,-128
2017-05-04 00:00:00-04:00,38.95485305786133,TRU,0.011270080261628568,0,0,0,-127
2017-05-05 00:00:00-04:00,39.63014221191406,TRU,0.01733517395251627,0,0,0,-126
2017-05-08 00:00:00-04:00,39.71696853637695,TRU,0.002190916297968526,0,0,0,-123
2017-05-09 00:00:00-04:00,39.85203170776367,TRU,0.0034006414981802013,0,0,0,-122
2017-05-10 00:00:00-04:00,39.91957092285156,TRU,0.0016947496073262958,0,0,0,-121
2017-05-11 00:00:00-04:00,39.98709487915039,TRU,0.001691500052175554,0,0,0,-120
2017-05-12 00:00:00-04:00,39.745906829833984,TRU,-0.006031647211314772,0,0,0,-119
2017-05-15 00:00:00-04:00,40.34402084350586,TRU,0.015048443006536738,0,0,0,-116
2017-05-16 00:00:00-04:00,40.421207427978516,TRU,0.0019132100087906334,0,0,0,-115
2017-05-17 00:00:00-04:00,40.28614807128906,TRU,-0.003341299413930132,0,0,0,-114
2017-05-18 00:00:00-04:00,40.508033752441406,TRU,0.005507741290125434,0,0,0,-113
2017-05-19 00:00:00-04:00,40.421207427978516,TRU,-0.002143434682451262,0,0,0,-112
2017-05-22 00:00:00-04:00,40.85532760620117,TRU,0.010739911196273821,0,0,0,-109
2017-05-23 00:00:00-04:00,40.33436965942383,TRU,-0.012751285506722332,0,0,0,-108
2017-05-24 00:00:00-04:00,40.710609436035156,TRU,0.009328019249791986,0,0,0,-107
2017-05-25 00:00:00-04:00,41.28943634033203,TRU,0.014218084973803613,0,0,0,-106
2017-05-26 00:00:00-04:00,41.578857421875,TRU,0.007009567269395278,0,0,0,-105
2017-05-30 00:00:00-04:00,41.559566497802734,TRU,-0.0004639599370548364,0,0,0,-101
2017-05-31 00:00:00-04:00,42.16732406616211,TRU,0.014623770639944134,0,0,0,-100
2017-06-01 00:00:00-04:00,42.41813659667969,TRU,0.005948030520600334,0,0,0,-99
2017-06-02 00:00:00-04:00,41.99367904663086,TRU,-0.010006510990443918,0,0,0,-98
2017-06-05 00:00:00-04:00,41.65603256225586,TRU,-0.008040412082019999,0,0,0,-95
2017-06-06 00:00:00-04:00,41.28943634033203,TRU,-0.008800555390769405,0,0,0,-94
2017-06-07 00:00:00-04:00,41.30873107910156,TRU,0.0004673044846263963,0,0,0,-93
2017-06-08 00:00:00-04:00,40.768497467041016,TRU,-0.013077952237895207,0,0,0,-92
2017-06-09 00:00:00-04:00,40.2765007019043,TRU,-0.012068062246700872,0,0,0,-91
2017-06-12 00:00:00-04:00,40.826377868652344,TRU,0.013652555638281827,0,0,0,-88
2017-06-13 00:00:00-04:00,41.79108810424805,TRU,0.02362958180369068,0,0,0,-87
2017-06-14 00:00:00-04:00,42.06120300292969,TRU,0.006463456945840607,0,0,0,-86
2017-06-15 00:00:00-04:00,42.2927360534668,TRU,0.005504670195024763,0,0,0,-85
2017-06-16 00:00:00-04:00,42.254146575927734,TRU,-0.0009124374807597535,0,0,0,-84
2017-06-19 00:00:00-04:00,42.73649597167969,TRU,0.011415433391494645,0,0,0,-81
2017-06-20 00:00:00-04:00,42.47602081298828,TRU,-0.006094911451421159,0,0,0,-80
2017-06-21 00:00:00-04:00,42.22520065307617,TRU,-0.005904982508046386,0,0,0,-79
2017-06-22 00:00:00-04:00,42.14802551269531,TRU,-0.0018277033427249734,0,0,0,-78
2017-06-23 00:00:00-04:00,42.87154769897461,TRU,0.017166217811588114,0,0,0,-77
2017-06-26 00:00:00-04:00,42.73649597167969,TRU,-0.0031501481645401785,0,0,0,-74
2017-06-27 00:00:00-04:00,41.98402786254883,TRU,-0.017607155009374154,0,0,0,-73
2017-06-28 00:00:00-04:00,42.80402755737305,TRU,0.019531229769301994,0,0,0,-72
2017-06-29 00:00:00-04:00,42.157676696777344,TRU,-0.015100234662015266,0,0,0,-71
2017-06-30 00:00:00-04:00,41.781436920166016,TRU,-0.008924585178577638,0,0,0,-70
2017-07-03 00:00:00-04:00,41.73319625854492,TRU,-0.0011545955614994385,0,0,0,-67
2017-07-05 00:00:00-04:00,42.57249069213867,TRU,0.020110955039105205,0,0,0,-65
2017-07-06 00:00:00-04:00,41.98402786254883,TRU,-0.013822607510687868,0,0,0,-64
2017-07-07 00:00:00-04:00,42.659324645996094,TRU,0.016084611644650026,0,0,0,-63
2017-07-10 00:00:00-04:00,42.16732406616211,TRU,-0.01153324821517454,0,0,0,-60
2017-07-11 00:00:00-04:00,42.45672607421875,TRU,0.006863181728168355,0,0,0,-59
2017-07-12 00:00:00-04:00,42.5821418762207,TRU,0.0029539678067196373,0,0,0,-58
2017-07-13 00:00:00-04:00,42.408512115478516,TRU,-0.004077525297973561,0,0,0,-57
2017-07-14 00:00:00-04:00,42.74614334106445,TRU,0.007961402292694597,0,0,0,-56
2017-07-17 00:00:00-04:00,42.77509689331055,TRU,0.0006773371813937334,0,0,0,-53
2017-07-18 00:00:00-04:00,43.41178894042969,TRU,0.014884643013367782,0,0,0,-52
2017-07-19 00:00:00-04:00,43.71086120605469,TRU,0.006889194684775335,0,0,0,-51
2017-07-20 00:00:00-04:00,43.431087493896484,TRU,-0.006400553648196028,0,0,0,-50
2017-07-21 00:00:00-04:00,43.77839279174805,TRU,0.007996698169263405,0,0,0,-49
2017-07-24 00:00:00-04:00,43.98096466064453,TRU,0.004627211187494096,0,0,0,-46
2017-07-25 00:00:00-04:00,43.6433219909668,TRU,-0.007677018280134895,0,0,0,-45
2017-07-26 00:00:00-04:00,43.923065185546875,TRU,0.006409759427524309,0,0,0,-44
2017-07-27 00:00:00-04:00,43.96167755126953,TRU,0.0008790908730877955,0,0,0,-43
2017-07-28 00:00:00-04:00,43.691558837890625,TRU,-0.006144413235001922,0,0,0,-42
2017-07-31 00:00:00-04:00,44.21249771118164,TRU,0.011923101101150024,0,0,0,-39
2017-08-01 00:00:00-04:00,44.3282585144043,TRU,0.002618282368457514,0,0,0,-38
2017-08-02 00:00:00-04:00,44.37649154663086,TRU,0.0010880876858920807,0,0,0,-37
2017-08-03 00:00:00-04:00,44.15460968017578,TRU,-0.004999986675871537,0,0,0,-36
2017-08-04 00:00:00-04:00,44.37649154663086,TRU,0.005025112169765089,0,0,0,-35
2017-08-07 00:00:00-04:00,44.47296142578125,TRU,0.002173896037928502,0,0,0,-32
2017-08-08 00:00:00-04:00,44.33790588378906,TRU,-0.003036801185762661,0,0,0,-31
2017-08-09 00:00:00-04:00,44.54050064086914,TRU,0.004569335268361119,0,0,0,-30
2017-08-10 00:00:00-04:00,44.05813980102539,TRU,-0.010829713023053689,0,0,0,-29
2017-08-11 00:00:00-04:00,44.12567901611328,TRU,0.0015329565749464535,0,0,0,-28
2017-08-14 00:00:00-04:00,44.65626525878906,TRU,0.012024432360169035,0,0,0,-25
2017-08-15 00:00:00-04:00,44.694854736328125,TRU,0.0008641447580854944,0,0,0,-24
2017-08-16 00:00:00-04:00,45.14825439453125,TRU,0.010144336767126783,0,0,0,-23
2017-08-17 00:00:00-04:00,44.73344802856445,TRU,-0.009187650143502424,0,0,0,-22
2017-08-18 00:00:00-04:00,44.84920120239258,TRU,0.0025876202020960193,0,0,0,-21
2017-08-21 00:00:00-04:00,44.90708923339844,TRU,0.0012907260208410154,0,0,0,-18
2017-08-22 00:00:00-04:00,45.92967987060547,TRU,0.0227712518148806,0,0,0,-17
2017-08-23 00:00:00-04:00,45.78497314453125,TRU,-0.003150614732823964,0,0,0,-16
2017-08-24 00:00:00-04:00,45.59202575683594,TRU,-0.004214207728946984,0,0,0,-15
2017-08-25 00:00:00-04:00,45.495567321777344,TRU,-0.0021156865363485267,0,0,0,-14
2017-08-28 00:00:00-04:00,45.39908218383789,TRU,-0.0021207590897162065,0,0,0,-11
2017-08-29 00:00:00-04:00,45.08073806762695,TRU,-0.0070121266972279495,0,0,0,-10
2017-08-30 00:00:00-04:00,45.61131286621094,TRU,0.011769434603933426,0,0,0,-9
2017-08-31 00:00:00-04:00,46.17085647583008,TRU,0.012267649722348839,0,0,0,-8
2017-09-01 00:00:00-04:00,46.122615814208984,TRU,-0.0010448292560123473,0,0,0,-7
2017-09-05 00:00:00-04:00,46.19978332519531,TRU,0.0016730948499792397,0,0,0,-3
2017-09-06 00:00:00-04:00,46.672508239746094,TRU,0.010232188995851432,0,0,0,-2
2017-09-07 00:00:00-04:00,47.64685821533203,TRU,0.020876314822870112,0,0,0,-1
2017-09-08 00:00:00-04:00,45.82356262207031,TRU,-0.03826685875114033,0,1,0,0
2017-09-11 00:00:00-04:00,46.17085647583008,TRU,0.007578936116863444,0,1,0,3
2017-09-12 00:00:00-04:00,46.035789489746094,TRU,-0.002925373198452319,0,1,0,4
2017-09-13 00:00:00-04:00,42.12873077392578,TRU,-0.08487002740966487,0,1,0,5
2017-09-14 00:00:00-04:00,41.559566497802734,TRU,-0.013510121612192338,0,1,0,6
2017-09-15 00:00:00-04:00,40.14143371582031,TRU,-0.03412289639877253,0,1,0,7
2017-09-18 00:00:00-04:00,40.85532760620117,TRU,0.017784464188171256,0,1,0,10
2017-09-19 00:00:00-04:00,40.710609436035156,TRU,-0.003542210493596709,0,1,0,11
2017-09-20 00:00:00-04:00,43.353912353515625,TRU,0.06492909229555122,0,1,0,12
2017-09-21 00:00:00-04:00,42.94873046875,TRU,-0.009345912808553458,0,1,0,13
2017-09-22 00:00:00-04:00,44.23179244995117,TRU,0.029874270256596835,0,1,0,14
2017-09-25 00:00:00-04:00,43.527565002441406,TRU,-0.015921295712955974,0,1,0,17
2017-09-26 00:00:00-04:00,44.067787170410156,TRU,0.01241103581003089,0,1,0,18
2017-09-27 00:00:00-04:00,45.022850036621094,TRU,0.021672585068038597,0,1,0,19
2017-09-28 00:00:00-04:00,45.98755645751953,TRU,0.021427040272078646,0,1,0,20
2017-09-29 00:00:00-04:00,45.59202575683594,TRU,-0.008600820116393071,0,1,0,21
2017-03-13 00:00:00-04:00,205.88128662109375,SPY,0.0005049004410333513,0,0,0,-179
2017-03-14 00:00:00-04:00,205.093505859375,SPY,-0.0038263835176461924,0,0,0,-178
2017-03-15 00:00:00-04:00,206.86819458007812,SPY,0.008653071257750833,0,0,0,-177
2017-03-16 00:00:00-04:00,206.46133422851562,SPY,-0.0019667612625923203,0,0,0,-176
2017-03-17 00:00:00-04:00,206.09869384765625,SPY,-0.001756456637338144,0,0,0,-175
2017-03-20 00:00:00-04:00,205.8726806640625,SPY,-0.0010966259871633133,0,0,0,-172
2017-03-21 00:00:00-04:00,203.22933959960938,SPY,-0.012839688374031821,0,0,0,-171
2017-03-22 00:00:00-04:00,203.7075653076172,SPY,0.0023531332087678436,0,0,0,-170
2017-03-23 00:00:00-04:00,203.49020385742188,SPY,-0.0010670268915495829,0,0,0,-169
2017-03-24 00:00:00-04:00,203.3424072265625,SPY,-0.0007263083335595777,0,0,0,-168
2017-03-27 00:00:00-04:00,203.1337127685547,SPY,-0.001026320386653512,0,0,0,-165
2017-03-28 00:00:00-04:00,204.61183166503906,SPY,0.007276580909878261,0,0,0,-164
2017-03-29 00:00:00-04:00,204.8031463623047,SPY,0.0009350128763756516,0,0,0,-163
2017-03-30 00:00:00-04:00,205.455322265625,SPY,0.0031844037306272277,0,0,0,-162
2017-03-31 00:00:00-04:00,204.97705078125,SPY,-0.0023278612551913547,0,0,0,-161
2017-04-03 00:00:00-04:00,204.62059020996094,SPY,-0.0017390267346049093,0,0,0,-158
2017-04-04 00:00:00-04:00,204.75100708007812,SPY,0.0006373594660409321,0,0,0,-157
2017-04-05 00:00:00-04:00,204.14236450195312,SPY,-0.002972598703199325,0,0,0,-156
2017-04-06 00:00:00-04:00,204.71624755859375,SPY,0.002811190406463382,0,0,0,-155
2017-04-07 00:00:00-04:00,204.5075225830078,SPY,-0.0010195818752792851,0,0,0,-154
2017-04-10 00:00:00-04:00,204.62925720214844,SPY,0.0005952574145100531,0,0,0,-151
2017-04-11 00:00:00-04:00,204.38577270507812,SPY,-0.001189881155800654,0,0,0,-150
2017-04-12 00:00:00-04:00,203.49020385742188,SPY,-0.00438175728086776,0,0,0,-149
2017-04-13 00:00:00-04:00,202.1685791015625,SPY,-0.006494783192538267,0,0,0,-148
2017-04-17 00:00:00-04:00,203.95974731445312,SPY,0.008859775445079432,0,0,0,-144
2017-04-18 00:00:00-04:00,203.35108947753906,SPY,-0.00298420568238722,0,0,0,-143
2017-04-19 00:00:00-04:00,202.9772186279297,SPY,-0.0018385485446374972,0,0,0,-142
2017-04-20 00:00:00-04:00,204.62925720214844,SPY,0.008139034446259963,0,0,0,-141
2017-04-21 00:00:00-04:00,203.9771270751953,SPY,-0.003186886058570315,0,0,0,-140
2017-04-24 00:00:00-04:00,206.22047424316406,SPY,0.010998032966420546,0,0,0,-137
2017-04-25 00:00:00-04:00,207.4204559326172,SPY,0.005818926049205864,0,0,0,-136
2017-04-26 00:00:00-04:00,207.28997802734375,SPY,-0.0006290503252766033,0,0,0,-135
2017-04-27 00:00:00-04:00,207.46385192871094,SPY,0.0008387955029078853,0,0,0,-134
2017-04-28 00:00:00-04:00,207.01173400878906,SPY,-0.0021792611855930843,0,0,0,-133
2017-05-01 00:00:00-04:00,207.5334014892578,SPY,0.0025199899076571164,0,0,0,-130
2017-05-02 00:00:00-04:00,207.61170959472656,SPY,0.00037732772125753655,0,0,0,-129
2017-05-03 00:00:00-04:00,207.3594970703125,SPY,-0.0012148280311664594,0,0,0,-128
2017-05-04 00:00:00-04:00,207.6029815673828,SPY,0.0011742143500075297,0,0,0,-127
2017-05-05 00:00:00-04:00,208.4203338623047,SPY,0.003937093238020717,0,0,0,-126
2017-05-08 00:00:00-04:00,208.3855438232422,SPY,-0.0001669224802484104,0,0,0,-123
2017-05-09 00:00:00-04:00,208.1942596435547,SPY,-0.0009179340187328577,0,0,0,-122
2017-05-10 00:00:00-04:00,208.568115234375,SPY,0.0017957055658517351,0,0,0,-121
2017-05-11 00:00:00-04:00,208.14202880859375,SPY,-0.002042912577037259,0,0,0,-120
2017-05-12 00:00:00-04:00,207.7942352294922,SPY,-0.0016709435431774278,0,0,0,-119
2017-05-15 00:00:00-04:00,208.94204711914062,SPY,0.005523790823074526,0,0,0,-116
2017-05-16 00:00:00-04:00,208.750732421875,SPY,-0.000915635219925548,0,0,0,-115
2017-05-17 00:00:00-04:00,205.046630859375,SPY,-0.01774413684457976,0,0,0,-114
2017-05-18 00:00:00-04:00,205.8726806640625,SPY,0.004028594867545143,0,0,0,-113
2017-05-19 00:00:00-04:00,207.2117462158203,SPY,0.00650433825138208,0,0,0,-112
2017-05-22 00:00:00-04:00,208.26380920410156,SPY,0.005077236245021988,0,0,0,-109
2017-05-23 00:00:00-04:00,208.72462463378906,SPY,0.0022126524596306485,0,0,0,-108
2017-05-24 00:00:00-04:00,209.21156311035156,SPY,0.002332922995630371,0,0,0,-107
2017-05-25 00:00:00-04:00,210.21153259277344,SPY,0.004779704656641792,0,0,0,-106
2017-05-26 00:00:00-04:00,210.16802978515625,SPY,-0.00020694776866247988,0,0,0,-105
2017-05-30 00:00:00-04:00,209.9853973388672,SPY,-0.0008689830060060189,0,0,0,-101
2017-05-31 00:00:00-04:00,209.93325805664062,SPY,-0.0002482995621948536,0,0,0,-100
2017-06-01 00:00:00-04:00,211.60272216796875,SPY,0.00795235650978987,0,0,0,-99
2017-06-02 00:00:00-04:00,212.30699157714844,SPY,0.0033282625193291615,0,0,0,-98
2017-06-05 00:00:00-04:00,212.15045166015625,SPY,-0.0007373281295605105,0,0,0,-95
2017-06-06 00:00:00-04:00,211.4722900390625,SPY,-0.0031966070106703715,0,0,0,-94
2017-06-07 00:00:00-04:00,211.8636016845703,SPY,0.001850415699548691,0,0,0,-93
2017-06-08 00:00:00-04:00,211.96791076660156,SPY,0.0004923407381063338,0,0,0,-92
2017-06-09 00:00:00-04:00,211.64620971679688,SPY,-0.0015176875058173778,0,0,0,-91
2017-06-12 00:00:00-04:00,211.60272216796875,SPY,-0.0002054728449251142,0,0,0,-88
2017-06-13 00:00:00-04:00,212.63743591308594,SPY,0.0048898886295793975,0,0,0,-87
2017-06-14 00:00:00-04:00,212.3678741455078,SPY,-0.001267706066998997,0,0,0,-86
2017-06-15 00:00:00-04:00,211.95916748046875,SPY,-0.0019245220901868976,0,0,0,-85
2017-06-16 00:00:00-04:00,212.0055694580078,SPY,0.00021891941778529045,0,0,0,-84
2017-06-19 00:00:00-04:00,213.7705078125,SPY,0.008324962212097775,0,0,0,-81
2017-06-20 00:00:00-04:00,212.32879638671875,SPY,-0.006744201716757825,0,0,0,-80
2017-06-21 00:00:00-04:00,212.27639770507812,SPY,-0.0002467808537151006,0,0,0,-79
2017-06-22 00:00:00-04:00,212.18028259277344,SPY,-0.0004527828498306352,0,0,0,-78
2017-06-23 00:00:00-04:00,212.43368530273438,SPY,0.0011942801982560702,0,0,0,-77
2017-06-26 00:00:00-04:00,212.57339477539062,SPY,0.0006576615778102202,0,0,0,-74
2017-06-27 00:00:00-04:00,210.8609161376953,SPY,-0.008055940582332721,0,0,0,-73
2017-06-28 00:00:00-04:00,212.7482147216797,SPY,0.008950442872741382,0,0,0,-72
2017-06-29 00:00:00-04:00,210.87838745117188,SPY,-0.00878892108661855,0,0,0,-71
2017-06-30 00:00:00-04:00,211.2715301513672,SPY,0.0018643100649009536,0,0,0,-70
2017-07-03 00:00:00-04:00,211.6298370361328,SPY,0.0016959544170902507,0,0,0,-67
2017-07-05 00:00:00-04:00,212.119140625,SPY,0.002312072795215725,0,0,0,-65
2017-07-06 00:00:00-04:00,210.17938232421875,SPY,-0.009144664149901005,0,0,0,-64
2017-07-07 00:00:00-04:00,211.54238891601562,SPY,0.006484968110213263,0,0,0,-63
2017-07-10 00:00:00-04:00,211.7695770263672,SPY,0.001073960219111214,0,0,0,-60
2017-07-11 00:00:00-04:00,211.61233520507812,SPY,-0.0007425137429890594,0,0,0,-59
2017-07-12 00:00:00-04:00,213.2025604248047,SPY,0.007514803984302043,0,0,0,-58
2017-07-13 00:00:00-04:00,213.56077575683594,SPY,0.001680164306270493,0,0,0,-57
2017-07-14 00:00:00-04:00,214.55685424804688,SPY,0.004664145312644363,0,0,0,-56
2017-07-17 00:00:00-04:00,214.5306396484375,SPY,-0.0001221802011464046,0,0,0,-53
2017-07-18 00:00:00-04:00,214.6442413330078,SPY,0.0005295359430077529,0,0,0,-52
2017-07-19 00:00:00-04:00,215.80630493164062,SPY,0.005413905313350398,0,0,0,-51
2017-07-20 00:00:00-04:00,215.90240478515625,SPY,0.0004453060513966989,0,0,0,-50
2017-07-21 00:00:00-04:00,215.71018981933594,SPY,-0.0008902863588369225,0,0,0,-49
2017-07-24 00:00:00-04:00,215.65777587890625,SPY,-0.00024298314545823096,0,0,0,-46
2017-07-25 00:00:00-04:00,216.1820526123047,SPY,0.002431058797957908,0,0,0,-45
2017-07-26 00:00:00-04:00,216.1907501220703,SPY,4.023233964400852e-05,0,0,0,-44
2017-07-27 00:00:00-04:00,215.98977661132812,SPY,-0.0009296119775185074,0,0,0,-43
2017-07-28 00:00:00-04:00,215.73641967773438,SPY,-0.0011730042855206957,0,0,0,-42
2017-07-31 00:00:00-04:00,215.61412048339844,SPY,-0.0005668917400160067,0,0,0,-39
2017-08-01 00:00:00-04:00,216.09463500976562,SPY,0.002228585610672962,0,0,0,-38
2017-08-02 00:00:00-04:00,216.19952392578125,SPY,0.00048538417444232707,0,0,0,-37
2017-08-03 00:00:00-04:00,215.78012084960938,SPY,-0.001939888990300731,0,0,0,-36
2017-08-04 00:00:00-04:00,216.1732635498047,SPY,0.0018219597739002058,0,0,0,-35
2017-08-07 00:00:00-04:00,216.57518005371094,SPY,0.0018592331785454164,0,0,0,-32
2017-08-08 00:00:00-04:00,216.04222106933594,SPY,-0.0024608497808604746,0,0,0,-31
2017-08-09 00:00:00-04:00,216.0334930419922,SPY,-4.039963716606643e-05,0,0,0,-30
2017-08-10 00:00:00-04:00,212.98410034179688,SPY,-0.014115370062560473,0,0,0,-29
2017-08-11 00:00:00-04:00,213.29869079589844,SPY,0.001477060745833647,0,0,0,-28
2017-08-14 00:00:00-04:00,215.4131317138672,SPY,0.009913051552632446,0,0,0,-25
2017-08-15 00:00:00-04:00,215.38690185546875,SPY,-0.00012176536402286331,0,0,0,-24
2017-08-16 00:00:00-04:00,215.7626190185547,SPY,0.0017443825963849857,0,0,0,-23
2017-08-17 00:00:00-04:00,212.39871215820312,SPY,-0.015590776917952964,0,0,0,-22
2017-08-18 00:00:00-04:00,212.06668090820312,SPY,-0.0015632451187024277,0,0,0,-21
2017-08-21 00:00:00-04:00,212.23269653320312,SPY,0.0007828463400709751,0,0,0,-18
2017-08-22 00:00:00-04:00,214.45201110839844,SPY,0.010456987125205375,0,0,0,-17
2017-08-23 00:00:00-04:00,213.68310546875,SPY,-0.0035854438280822354,0,0,0,-16
2017-08-24 00:00:00-04:00,213.18507385253906,SPY,-0.002330701882670705,0,0,0,-15
2017-08-25 00:00:00-04:00,213.68310546875,SPY,0.0023361467442857276,0,0,0,-14
2017-08-28 00:00:00-04:00,213.69183349609375,SPY,4.084565939166396e-05,0,0,0,-11
2017-08-29 00:00:00-04:00,213.93650817871094,SPY,0.0011449884565741808,0,0,0,-10
2017-08-30 00:00:00-04:00,214.95001220703125,SPY,0.0047374056767985895,0,0,0,-9
2017-08-31 00:00:00-04:00,216.24314880371094,SPY,0.0060159875470684465,0,0,0,-8
2017-09-01 00:00:00-04:00,216.5490264892578,SPY,0.0014145080999745652,0,0,0,-7
2017-09-05 00:00:00-04:00,214.99374389648438,SPY,-0.007182126920577958,0,0,0,-3
2017-09-06 00:00:00-04:00,215.7276611328125,SPY,0.0034136678725009695,0,0,0,-2
2017-09-07 00:00:00-04:00,215.701416015625,SPY,-0.00012165856269741315,0,0,0,-1
2017-09-08 00:00:00-04:00,215.44808959960938,SPY,-0.0011744309365000483,0,1,0,0
2017-09-11 00:00:00-04:00,217.7460479736328,SPY,0.010665949177335321,0,1,0,3
2017-09-12 00:00:00-04:00,218.47999572753906,SPY,0.0033706593563302967,0,1,0,4
2017-09-13 00:00:00-04:00,218.5848388671875,SPY,0.0004798752366288461,0,1,0,5
2017-09-14 00:00:00-04:00,218.514892578125,SPY,-0.00031999606846022655,0,1,0,6
2017-09-15 00:00:00-04:00,218.80908203125,SPY,0.0013463130574489224,0,1,0,7
2017-09-18 00:00:00-04:00,219.2744903564453,SPY,0.002127006433530143,0,1,0,10
2017-09-19 00:00:00-04:00,219.49400329589844,SPY,0.0010010874456773955,0,1,0,11
2017-09-20 00:00:00-04:00,219.572998046875,SPY,0.0003598948025476112,0,1,0,12
2017-09-21 00:00:00-04:00,218.98468017578125,SPY,-0.002679372583727968,0,1,0,13
2017-09-22 00:00:00-04:00,219.02857971191406,SPY,0.00020046852637167767,0,1,0,14
2017-09-25 00:00:00-04:00,218.5807647705078,SPY,-0.0020445502682584493,0,1,0,17
2017-09-26 00:00:00-04:00,218.7124786376953,SPY,0.0006025867249837003,0,1,0,18
2017-09-27 00:00:00-04:00,219.5642547607422,SPY,0.0038945017145448624,0,1,0,19
2017-09-28 00:00:00-04:00,219.82763671875,SPY,0.0011995666521165127,0,1,0,20
2017-09-29 00:00:00-04:00,220.60037231445312,SPY,0.003515188568813832,0,1,0,21
2017-03-13 00:00:00-04:00,105.70640563964844,VTI,0.0007373812571682681,0,0,0,-179
2017-03-14 00:00:00-04:00,105.32560729980469,VTI,-0.0036024149864851696,0,0,0,-178
2017-03-15 00:00:00-04:00,106.27764892578125,VTI,0.009039032865641339,0,0,0,-177
2017-03-16 00:00:00-04:00,106.14781951904297,VTI,-0.0012216059354959174,0,0,0,-176
2017-03-17 00:00:00-04:00,106.08726501464844,VTI,-0.000570473370709923,0,0,0,-175
2017-03-20 00:00:00-04:00,105.83624267578125,VTI,-0.002366187297151323,0,0,0,-172
2017-03-21 00:00:00-04:00,104.35619354248047,VTI,-0.013984331792982863,0,0,0,-171
2017-03-22 00:00:00-04:00,104.49471282958984,VTI,0.001327370062160993,0,0,0,-170
2017-03-23 00:00:00-04:00,104.46007537841797,VTI,-0.0003314756338759217,0,0,0,-169
2017-03-24 00:00:00-04:00,104.47052001953125,VTI,9.99869191693481e-05,0,0,0,-168
2017-03-27 00:00:00-04:00,104.34880065917969,VTI,-0.0011651072506273508,0,0,0,-165
2017-03-28 00:00:00-04:00,105.07910919189453,VTI,0.006998724739541107,0,0,0,-164
2017-03-29 00:00:00-04:00,105.27035522460938,VTI,0.0018200195470403635,0,0,0,-163
2017-03-30 00:00:00-04:00,105.66162872314453,VTI,0.00371684409822981,0,0,0,-162
2017-03-31 00:00:00-04:00,105.47903442382812,VTI,-0.0017281041521216567,0,0,0,-161
2017-04-03 00:00:00-04:00,105.21820831298828,VTI,-0.0024727768154552132,0,0,0,-158
2017-04-04 00:00:00-04:00,105.27035522460938,VTI,0.0004956072951363133,0,0,0,-157
2017-04-05 00:00:00-04:00,104.8443374633789,VTI,-0.004046892026929094,0,0,0,-156
2017-04-06 00:00:00-04:00,105.17475891113281,VTI,0.00315154309472665,0,0,0,-155
2017-04-07 00:00:00-04:00,105.09650421142578,VTI,-0.0007440444885939979,0,0,0,-154
2017-04-10 00:00:00-04:00,105.22688293457031,VTI,0.0012405619399313839,0,0,0,-151
2017-04-11 00:00:00-04:00,105.19213104248047,VTI,-0.00033025678534492897,0,0,0,-150
2017-04-12 00:00:00-04:00,104.653076171875,VTI,-0.005124479039100183,0,0,0,-149
2017-04-13 00:00:00-04:00,103.94013977050781,VTI,-0.006812378837257604,0,0,0,-148
2017-04-17 00:00:00-04:00,104.8443374633789,VTI,0.008699215672284932,0,0,0,-144
2017-04-18 00:00:00-04:00,104.61832427978516,VTI,-0.0021557023398873776,0,0,0,-143
2017-04-19 00:00:00-04:00,104.53135681152344,VTI,-0.000831283323073917,0,0,0,-142
2017-04-20 00:00:00-04:00,105.39210510253906,VTI,0.008234354908141173,0,0,0,-141
2017-04-21 00:00:00-04:00,105.05302429199219,VTI,-0.0032173264801663715,0,0,0,-140
2017-04-24 00:00:00-04:00,106.16590118408203,VTI,0.010593477908799942,0,0,0,-137
2017-04-25 00:00:00-04:00,106.82664489746094,VTI,0.006223690525955616,0,0,0,-136
2017-04-26 00:00:00-04:00,106.8527603149414,VTI,0.0002444653906854555,0,0,0,-135
2017-04-27 00:00:00-04:00,106.95706939697266,VTI,0.0009761945477477774,0,0,0,-134
2017-04-28 00:00:00-04:00,106.60060119628906,VTI,-0.0033328157053420515,0,0,0,-133
2017-05-01 00:00:00-04:00,106.8788070678711,VTI,0.002609796459494218,0,0,0,-130
2017-05-02 00:00:00-04:00,106.8788070678711,VTI,0.0,0,0,0,-129
2017-05-03 00:00:00-04:00,106.61798095703125,VTI,-0.0024403912992236876,0,0,0,-128
2017-05-04 00:00:00-04:00,106.69625091552734,VTI,0.0007341159323550617,0,0,0,-127
2017-05-05 00:00:00-04:00,107.22657775878906,VTI,0.004970435593670386,0,0,0,-126
2017-05-08 00:00:00-04:00,107.06137084960938,VTI,-0.0015407272397645055,0,0,0,-123
2017-05-09 00:00:00-04:00,107.0266342163086,VTI,-0.00032445533832714535,0,0,0,-122
2017-05-10 00:00:00-04:00,107.2613754272461,VTI,0.0021932971419345026,0,0,0,-121
2017-05-11 00:00:00-04:00,106.94837951660156,VTI,-0.002918067285617054,0,0,0,-120
2017-05-12 00:00:00-04:00,106.73971557617188,VTI,-0.0019510715484688523,0,0,0,-119
2017-05-15 00:00:00-04:00,107.31356811523438,VTI,0.005376185761456265,0,0,0,-116
2017-05-16 00:00:00-04:00,107.252685546875,VTI,-0.0005673333710607409,0,0,0,-115
2017-05-17 00:00:00-04:00,105.32256317138672,VTI,-0.01799602840382697,0,0,0,-114
2017-05-18 00:00:00-04:00,105.63553619384766,VTI,0.002971566709325524,0,0,0,-113
2017-05-19 00:00:00-04:00,106.3919677734375,VTI,0.007160768116912353,0,0,0,-112
2017-05-22 00:00:00-04:00,106.95706939697266,VTI,0.005311506454496184,0,0,0,-109
2017-05-23 00:00:00-04:00,107.1396484375,VTI,0.0017070310691638113,0,0,0,-108
2017-05-24 00:00:00-04:00,107.45262908935547,VTI,0.0029212402357101652,0,0,0,-107
2017-05-25 00:00:00-04:00,107.90475463867188,VTI,0.004207673215147034,0,0,0,-106
2017-05-26 00:00:00-04:00,107.8873519897461,VTI,-0.00016127786939557076,0,0,0,-105
2017-05-30 00:00:00-04:00,107.71348571777344,VTI,-0.0016115537990883944,0,0,0,-101
2017-05-31 00:00:00-04:00,107.67869567871094,VTI,-0.0003229868463606733,0,0,0,-100
2017-06-01 00:00:00-04:00,108.67855072021484,VTI,0.009285541909675787,0,0,0,-99
2017-06-02 00:00:00-04:00,109.03499603271484,VTI,0.003279812899029677,0,0,0,-98
2017-06-05 00:00:00-04:00,108.89588165283203,VTI,-0.0012758690782276316,0,0,0,-95
2017-06-06 00:00:00-04:00,108.61767578125,VTI,-0.0025547878152910597,0,0,0,-94
2017-06-07 00:00:00-04:00,108.7394027709961,VTI,0.0011206922710373934,0,0,0,-93
2017-06-08 00:00:00-04:00,108.93067932128906,VTI,0.001759036240945644,0,0,0,-92
2017-06-09 00:00:00-04:00,108.84373474121094,VTI,-0.0007981643061426569,0,0,0,-91
2017-06-12 00:00:00-04:00,108.82635498046875,VTI,-0.0001596762623361503,0,0,0,-88
2017-06-13 00:00:00-04:00,109.36541748046875,VTI,0.004953418683339539,0,0,0,-87
2017-06-14 00:00:00-04:00,109.20889282226562,VTI,-0.0014312079797169641,0,0,0,-86
2017-06-15 00:00:00-04:00,108.96544647216797,VTI,-0.002229180644600648,0,0,0,-85
2017-06-16 00:00:00-04:00,108.89588165283203,VTI,-0.0006384117313161797,0,0,0,-84
2017-06-19 00:00:00-04:00,109.78273010253906,VTI,0.00814400357705325,0,0,0,-81
2017-06-20 00:00:00-04:00,109.03499603271484,VTI,-0.006811035480041583,0,0,0,-80
2017-06-21 00:00:00-04:00,108.9083480834961,VTI,-0.001161534863364011,0,0,0,-79
2017-06-22 00:00:00-04:00,108.9520492553711,VTI,0.0004012655838052659,0,0,0,-78
2017-06-23 00:00:00-04:00,109.22278594970703,VTI,0.002484916035873308,0,0,0,-77
2017-06-26 00:00:00-04:00,109.30140686035156,VTI,0.0007198215094121885,0,0,0,-74
2017-06-27 00:00:00-04:00,108.40177154541016,VTI,-0.008230775255169576,0,0,0,-73
2017-06-28 00:00:00-04:00,109.42369842529297,VTI,0.009427215674743028,0,0,0,-72
2017-06-29 00:00:00-04:00,108.55025482177734,VTI,-0.007982216065489212,0,0,0,-71
2017-06-30 00:00:00-04:00,108.69873809814453,VTI,0.0013678758894759557,0,0,0,-70
2017-07-03 00:00:00-04:00,108.96076965332031,VTI,0.0024106218688499936,0,0,0,-67
2017-07-05 00:00:00-04:00,109.08304595947266,VTI,0.0011222048682419938,0,0,0,-65
2017-07-06 00:00:00-04:00,108.00872039794922,VTI,-0.009848694195086716,0,0,0,-64
2017-07-07 00:00:00-04:00,108.75988006591797,VTI,0.006954620563980107,0,0,0,-63
2017-07-10 00:00:00-04:00,108.8384780883789,VTI,0.0007226747805653133,0,0,0,-60
2017-07-11 00:00:00-04:00,108.81226348876953,VTI,-0.0002408578296003716,0,0,0,-59
2017-07-12 00:00:00-04:00,109.58963775634766,VTI,0.00714417881453544,0,0,0,-58
2017-07-13 00:00:00-04:00,109.76434326171875,VTI,0.0015941790569609093,0,0,0,-57
2017-07-14 00:00:00-04:00,110.2534408569336,VTI,0.004455887774490241,0,0,0,-56
2017-07-17 00:00:00-04:00,110.2534408569336,VTI,0.0,0,0,0,-53
2017-07-18 00:00:00-04:00,110.32331848144531,VTI,0.0006337908728162311,0,0,0,-52
2017-07-19 00:00:00-04:00,110.96092987060547,VTI,0.0057794797866543846,0,0,0,-51
2017-07-20 00:00:00-04:00,111.03081512451172,VTI,0.0006298185675601697,0,0,0,-50
2017-07-21 00:00:00-04:00,110.88230895996094,VTI,-0.0013375220598376147,0,0,0,-49
2017-07-24 00:00:00-04:00,110.89105987548828,VTI,7.892075489257522e-05,0,0,0,-46
2017-07-25 00:00:00-04:00,111.25788879394531,VTI,0.0033080116545816107,0,0,0,-45
2017-07-26 00:00:00-04:00,111.17930603027344,VTI,-0.0007063118357154563,0,0,0,-44
2017-07-27 00:00:00-04:00,110.98712921142578,VTI,-0.00172853047666377,0,0,0,-43
2017-07-28 00:00:00-04:00,110.80374145507812,VTI,-0.0016523335421921859,0,0,0,-42
2017-07-31 00:00:00-04:00,110.7425765991211,VTI,-0.0005520107457908097,0,0,0,-39
2017-08-01 00:00:00-04:00,110.96965026855469,VTI,0.0020504640257339446,0,0,0,-38
2017-08-02 00:00:00-04:00,110.8648452758789,VTI,-0.0009444473549492516,0,0,0,-37
2017-08-03 00:00:00-04:00,110.61154174804688,VTI,-0.0022847957547020847,0,0,0,-36
2017-08-04 00:00:00-04:00,110.8473892211914,VTI,0.0021322139572175214,0,0,0,-35
2017-08-07 00:00:00-04:00,111.06575012207031,VTI,0.0019699237159584992,0,0,0,-32
2017-08-08 00:00:00-04:00,110.76005554199219,VTI,-0.002752374874721908,0,0,0,-31
2017-08-09 00:00:00-04:00,110.63776397705078,VTI,-0.0011041125281401332,0,0,0,-30
2017-08-10 00:00:00-04:00,109.01317596435547,VTI,-0.014683847126848115,0,0,0,-29
2017-08-11 00:00:00-04:00,109.21405792236328,VTI,0.001842730993118602,0,0,0,-28
2017-08-14 00:00:00-04:00,110.33206176757812,VTI,0.010236812608955592,0,0,0,-25
2017-08-15 00:00:00-04:00,110.22721862792969,VTI,-0.0009502508878089788,0,0,0,-24
2017-08-16 00:00:00-04:00,110.42810821533203,VTI,0.0018225043678226083,0,0,0,-23
2017-08-17 00:00:00-04:00,108.67252349853516,VTI,-0.01589798779649043,0,0,0,-22
2017-08-18 00:00:00-04:00,108.48912811279297,VTI,-0.0016875966420771826,0,0,0,-21
2017-08-21 00:00:00-04:00,108.64635467529297,VTI,0.0014492379580794967,0,0,0,-18
2017-08-22 00:00:00-04:00,109.73812103271484,VTI,0.010048807994385012,0,0,0,-17
2017-08-23 00:00:00-04:00,109.4062271118164,VTI,-0.003024417748135999,0,0,0,-16
2017-08-24 00:00:00-04:00,109.23153686523438,VTI,-0.0015967120994264672,0,0,0,-15
2017-08-25 00:00:00-04:00,109.49357604980469,VTI,0.002398933422438354,0,0,0,-14
2017-08-28 00:00:00-04:00,109.53722381591797,VTI,0.0003986331224894446,0,0,0,-11
2017-08-29 00:00:00-04:00,109.58090209960938,VTI,0.00039875288207791293,0,0,0,-10
2017-08-30 00:00:00-04:00,110.15736389160156,VTI,0.005260604548301462,0,0,0,-9
2017-08-31 00:00:00-04:00,110.90852355957031,VTI,0.006818969167670996,0,0,0,-8
2017-09-01 00:00:00-04:00,111.16181182861328,VTI,0.002283758370536182,0,0,0,-7
2017-09-05 00:00:00-04:00,110.30585479736328,VTI,-0.007700099676044236,0,0,0,-3
2017-09-06 00:00:00-04:00,110.61154174804688,VTI,0.002771266776774084,0,0,0,-2
2017-09-07 00:00:00-04:00,110.55912780761719,VTI,-0.00047385597923477185,0,0,0,-1
2017-09-08 00:00:00-04:00,110.48054504394531,VTI,-0.0007107759009153947,0,1,0,0
2017-09-11 00:00:00-04:00,111.6684341430664,VTI,0.010752020626333847,0,1,0,3
2017-09-12 00:00:00-04:00,112.09638977050781,VTI,0.0038323777952606886,0,1,0,4
2017-09-13 00:00:00-04:00,112.14881134033203,VTI,0.0004676472626061745,0,1,0,5
2017-09-14 00:00:00-04:00,112.11385345458984,VTI,-0.0003117098195192236,0,1,0,6
2017-09-15 00:00:00-04:00,112.32347869873047,VTI,0.0018697532702818265,0,1,0,7
2017-09-18 00:00:00-04:00,112.59423065185547,VTI,0.0024104662378843233,0,1,0,10
2017-09-19 00:00:00-04:00,112.64663696289062,VTI,0.0004654440172622287,0,1,0,11
2017-09-20 00:00:00-04:00,112.83008575439453,VTI,0.001628533229663498,0,1,0,12
2017-09-21 00:00:00-04:00,112.51563262939453,VTI,-0.0027869616769102823,0,1,0,13
2017-09-22 00:00:00-04:00,112.60598754882812,VTI,0.000803043251164981,0,1,0,14
2017-09-25 00:00:00-04:00,112.42180633544922,VTI,-0.0016356253995734038,0,1,0,17
2017-09-26 00:00:00-04:00,112.44808197021484,VTI,0.0002337236486595895,0,1,0,18
2017-09-27 00:00:00-04:00,113.0621337890625,VTI,0.005460758494842954,0,1,0,19
2017-09-28 00:00:00-04:00,113.24633026123047,VTI,0.0016291614707326652,0,1,0,20
2017-09-29 00:00:00-04:00,113.61478424072266,VTI,0.003253562200578708,0,1,0,21
2017-03-13 00:00:00-04:00,17.577964782714844,EXPGY,0.011082846026674753,0,0,0,-179
2017-03-14 00:00:00-04:00,17.43783187866211,EXPGY,-0.00797207787050147,0,0,0,-178
2017-03-15 00:00:00-04:00,17.770648956298828,EXPGY,0.019085920769999598,0,0,0,-177
2017-03-16 00:00:00-04:00,17.630516052246094,EXPGY,-0.00788563796388897,0,0,0,-176
2017-03-17 00:00:00-04:00,17.875747680664062,EXPGY,0.013909498036883905,0,0,0,-175
2017-03-20 00:00:00-04:00,17.79692268371582,EXPGY,-0.0044096055928057876,0,0,0,-172
2017-03-21 00:00:00-04:00,17.77940559387207,EXPGY,-0.00098427633558118,0,0,0,-171
2017-03-22 00:00:00-04:00,17.77940559387207,EXPGY,0.0,0,0,0,-170
2017-03-23 00:00:00-04:00,17.875747680664062,EXPGY,0.005418746216420134,0,0,0,-169
2017-03-24 00:00:00-04:00,17.91077995300293,EXPGY,0.001959765429938365,0,0,0,-168
2017-03-27 00:00:00-04:00,18.050912857055664,EXPGY,0.007823942029349773,0,0,0,-165
2017-03-28 00:00:00-04:00,17.770648956298828,EXPGY,-0.015526300690509864,0,0,0,-164
2017-03-29 00:00:00-04:00,17.744369506835938,EXPGY,-0.0014788120303044217,0,0,0,-163
2017-03-30 00:00:00-04:00,17.788164138793945,EXPGY,0.0024680861126757936,0,0,0,-162
2017-03-31 00:00:00-04:00,17.893264770507812,EXPGY,0.00590845861854028,0,0,0,-161
2017-04-03 00:00:00-04:00,17.770648956298828,EXPGY,-0.006852623921995704,0,0,0,-158
2017-04-04 00:00:00-04:00,17.761892318725586,EXPGY,-0.0004927584577679722,0,0,0,-157
2017-04-05 00:00:00-04:00,17.464107513427734,EXPGY,-0.016765376118394237,0,0,0,-156
2017-04-06 00:00:00-04:00,17.577964782714844,EXPGY,0.006519501165437092,0,0,0,-155
2017-04-07 00:00:00-04:00,17.58672523498535,EXPGY,0.0004983769383315462,0,0,0,-154
2017-04-10 00:00:00-04:00,17.481624603271484,EXPGY,-0.005976134289332635,0,0,0,-151
2017-04-11 00:00:00-04:00,17.69182586669922,EXPGY,0.012024126372579769,0,0,0,-150
2017-04-12 00:00:00-04:00,17.95456886291504,EXPGY,0.014851095539571979,0,0,0,-149
2017-04-13 00:00:00-04:00,17.83195686340332,EXPGY,-0.006829013854238064,0,0,0,-148
2017-04-17 00:00:00-04:00,17.95456886291504,EXPGY,0.006875969948276106,0,0,0,-144
2017-04-18 00:00:00-04:00,17.823198318481445,EXPGY,-0.007316830910094274,0,0,0,-143
2017-04-19 00:00:00-04:00,17.805681228637695,EXPGY,-0.0009828252780863522,0,0,0,-142
2017-04-20 00:00:00-04:00,17.849472045898438,EXPGY,0.0024593733145301666,0,0,0,-141
2017-04-21 00:00:00-04:00,17.937053680419922,EXPGY,0.004906679272993264,0,0,0,-140
2017-04-24 00:00:00-04:00,18.436279296875,EXPGY,0.02783208576779983,0,0,0,-137
2017-04-25 00:00:00-04:00,18.628963470458984,EXPGY,0.010451359001522942,0,0,0,-136
2017-04-26 00:00:00-04:00,18.637723922729492,EXPGY,0.00047025978038983673,0,0,0,-135
2017-04-27 00:00:00-04:00,18.944259643554688,EXPGY,0.01644705770383048,0,0,0,-134
2017-04-28 00:00:00-04:00,18.909231185913086,EXPGY,-0.0018490275313303162,0,0,0,-133
2017-05-01 00:00:00-04:00,18.900474548339844,EXPGY,-0.00046308797471183993,0,0,0,-130
2017-05-02 00:00:00-04:00,19.189495086669922,EXPGY,0.015291708025154671,0,0,0,-129
2017-05-03 00:00:00-04:00,18.979293823242188,EXPGY,-0.010953975728822174,0,0,0,-128
2017-05-04 00:00:00-04:00,19.136945724487305,EXPGY,0.00830652092292583,0,0,0,-127
2017-05-05 00:00:00-04:00,19.355905532836914,EXPGY,0.011441732212754907,0,0,0,-126
2017-05-08 00:00:00-04:00,19.101911544799805,EXPGY,-0.013122299424649153,0,0,0,-123
2017-05-09 00:00:00-04:00,19.110675811767578,EXPGY,0.0004588162261780493,0,0,0,-122
2017-05-10 00:00:00-04:00,19.04060935974121,EXPGY,-0.0036663513481414167,0,0,0,-121
2017-05-11 00:00:00-04:00,18.95302391052246,EXPGY,-0.004599928897440542,0,0,0,-120
2017-05-12 00:00:00-04:00,19.084396362304688,EXPGY,0.006931477130110553,0,0,0,-119
2017-05-15 00:00:00-04:00,19.014331817626953,EXPGY,-0.0036713000163905996,0,0,0,-116
2017-05-16 00:00:00-04:00,19.37342643737793,EXPGY,0.018885471401003162,0,0,0,-115
2017-05-17 00:00:00-04:00,19.24204444885254,EXPGY,-0.006781556631196173,0,0,0,-114
2017-05-18 00:00:00-04:00,18.839162826538086,EXPGY,-0.02093756842654415,0,0,0,-113
2017-05-19 00:00:00-04:00,18.66399574279785,EXPGY,-0.009298029076614922,0,0,0,-112
2017-05-22 00:00:00-04:00,18.769102096557617,EXPGY,0.0056315033076626,0,0,0,-109
2017-05-23 00:00:00-04:00,18.84792137145996,EXPGY,0.00419941638640231,0,0,0,-108
2017-05-24 00:00:00-04:00,18.926748275756836,EXPGY,0.004182259822891554,0,0,0,-107
2017-05-25 00:00:00-04:00,18.66399574279785,EXPGY,-0.013882603029889862,0,0,0,-106
2017-05-26 00:00:00-04:00,18.445039749145508,EXPGY,-0.011731463973186695,0,0,0,-105
2017-05-30 00:00:00-04:00,18.199810028076172,EXPGY,-0.013295158178268318,0,0,0,-101
2017-05-31 00:00:00-04:00,18.366212844848633,EXPGY,0.009143107346492041,0,0,0,-100
2017-06-01 00:00:00-04:00,18.29615020751953,EXPGY,-0.003814756908294914,0,0,0,-99
2017-06-02 00:00:00-04:00,18.147258758544922,EXPGY,-0.008137856723181902,0,0,0,-98
2017-06-05 00:00:00-04:00,18.015880584716797,EXPGY,-0.0072395602871019316,0,0,0,-95
2017-06-06 00:00:00-04:00,18.20856475830078,EXPGY,0.010695240384055449,0,0,0,-94
2017-06-07 00:00:00-04:00,18.164775848388672,EXPGY,-0.0024048523589508264,0,0,0,-93
2017-06-08 00:00:00-04:00,18.182289123535156,EXPGY,0.0009641338430299573,0,0,0,-92
2017-06-09 00:00:00-04:00,18.112226486206055,EXPGY,-0.0038533452445441707,0,0,0,-91
2017-06-12 00:00:00-04:00,17.998363494873047,EXPGY,-0.006286526475346554,0,0,0,-88
2017-06-13 00:00:00-04:00,18.147258758544922,EXPGY,0.008272711222566898,0,0,0,-87
2017-06-14 00:00:00-04:00,18.156015396118164,EXPGY,0.00048253224852046195,0,0,0,-86
2017-06-15 00:00:00-04:00,18.17352867126465,EXPGY,0.0009645990468938326,0,0,0,-85
2017-06-16 00:00:00-04:00,18.199810028076172,EXPGY,0.0014461339504792114,0,0,0,-84
2017-06-19 00:00:00-04:00,18.33993911743164,EXPGY,0.007699480881355081,0,0,0,-81
2017-06-20 00:00:00-04:00,18.138498306274414,EXPGY,-0.010983723002971235,0,0,0,-80
2017-06-21 00:00:00-04:00,18.19622230529785,EXPGY,0.003182402316263877,0,0,0,-79
2017-06-22 00:00:00-04:00,18.19622230529785,EXPGY,0.0,0,0,0,-78
2017-06-23 00:00:00-04:00,18.32054901123047,EXPGY,0.006832555892462233,0,0,0,-77
2017-06-26 00:00:00-04:00,18.444873809814453,EXPGY,0.006786084767862244,0,0,0,-74
2017-06-27 00:00:00-04:00,18.524799346923828,EXPGY,0.004333211380760371,0,0,0,-73
2017-06-28 00:00:00-04:00,18.64025115966797,EXPGY,0.00623228411719956,0,0,0,-72
2017-06-29 00:00:00-04:00,18.267269134521484,EXPGY,-0.020009495684988887,0,0,0,-71
2017-06-30 00:00:00-04:00,18.285024642944336,EXPGY,0.0009719848266371844,0,0,0,-70
2017-07-03 00:00:00-04:00,18.20509910583496,EXPGY,-0.004371092665724996,0,0,0,-67
2017-07-05 00:00:00-04:00,18.19622230529785,EXPGY,-0.0004875996821277484,0,0,0,-65
2017-07-06 00:00:00-04:00,18.027490615844727,EXPGY,-0.00927289668273612,0,0,0,-64
2017-07-07 00:00:00-04:00,18.03636932373047,EXPGY,0.0004925093611163334,0,0,0,-63
2017-07-10 00:00:00-04:00,18.05413246154785,EXPGY,0.0009848510805336996,0,0,0,-60
2017-07-11 00:00:00-04:00,17.73443031311035,EXPGY,-0.017707976227515188,0,0,0,-59
2017-07-12 00:00:00-04:00,18.03636932373047,EXPGY,0.017025582738730893,0,0,0,-58
2017-07-13 00:00:00-04:00,18.37383270263672,EXPGY,0.01871016127742786,0,0,0,-57
2017-07-14 00:00:00-04:00,18.560321807861328,EXPGY,0.010149711725515376,0,0,0,-56
2017-07-17 00:00:00-04:00,18.169578552246094,EXPGY,-0.021052612107713142,0,0,0,-53
2017-07-18 00:00:00-04:00,17.81435775756836,EXPGY,-0.01955030457400575,0,0,0,-52
2017-07-19 00:00:00-04:00,17.823238372802734,EXPGY,0.0004985088632005752,0,0,0,-51
2017-07-20 00:00:00-04:00,17.76995849609375,EXPGY,-0.0029893488262091594,0,0,0,-50
2017-07-21 00:00:00-04:00,17.59234619140625,EXPGY,-0.009995088324294299,0,0,0,-49
2017-07-24 00:00:00-04:00,17.645626068115234,EXPGY,0.0030285827785159203,0,0,0,-46
2017-07-25 00:00:00-04:00,17.707794189453125,EXPGY,0.003523146251536158,0,0,0,-45
2017-07-26 00:00:00-04:00,17.76995849609375,EXPGY,0.0035105618450010923,0,0,0,-44
2017-07-27 00:00:00-04:00,17.8587589263916,EXPGY,0.004997222155435743,0,0,0,-43
2017-07-28 00:00:00-04:00,17.574583053588867,EXPGY,-0.015912408805898615,0,0,0,-42
2017-07-31 00:00:00-04:00,17.65450668334961,EXPGY,0.004547682839304734,0,0,0,-39
2017-08-01 00:00:00-04:00,17.8942813873291,EXPGY,0.013581501215529812,0,0,0,-38
2017-08-02 00:00:00-04:00,17.832120895385742,EXPGY,-0.0034737629635899214,0,0,0,-37
2017-08-03 00:00:00-04:00,17.787721633911133,EXPGY,-0.0024898474912257162,0,0,0,-36
2017-08-04 00:00:00-04:00,17.76107406616211,EXPGY,-0.0014980877426270522,0,0,0,-35
2017-08-07 00:00:00-04:00,17.672269821166992,EXPGY,-0.0049999366403354895,0,0,0,-32
2017-08-08 00:00:00-04:00,17.716672897338867,EXPGY,0.0025125847794995604,0,0,0,-31
2017-08-09 00:00:00-04:00,17.796600341796875,EXPGY,0.004511425193723273,0,0,0,-30
2017-08-10 00:00:00-04:00,17.512418746948242,EXPGY,-0.015968307957178074,0,0,0,-29
2017-08-11 00:00:00-04:00,17.58346176147461,EXPGY,0.00405672200698981,0,0,0,-28
2017-08-14 00:00:00-04:00,17.246004104614258,EXPGY,-0.01919176447949067,0,0,0,-25
2017-08-15 00:00:00-04:00,17.388093948364258,EXPGY,0.008239000923812911,0,0,0,-24
2017-08-16 00:00:00-04:00,17.530179977416992,EXPGY,0.008171455104548642,0,0,0,-23
2017-08-17 00:00:00-04:00,17.521297454833984,EXPGY,-0.0005066988812694184,0,0,0,-22
2017-08-18 00:00:00-04:00,17.299291610717773,EXPGY,-0.012670628113499727,0,0,0,-21
2017-08-21 00:00:00-04:00,17.290403366088867,EXPGY,-0.0005137924042739606,0,0,0,-18
2017-08-22 00:00:00-04:00,17.39697265625,EXPGY,0.006163493581077706,0,0,0,-17
2017-08-23 00:00:00-04:00,17.317047119140625,EXPGY,-0.004594220999747378,0,0,0,-16
2017-08-24 00:00:00-04:00,17.317047119140625,EXPGY,0.0,0,0,0,-15
2017-08-25 00:00:00-04:00,17.317047119140625,EXPGY,0.0,0,0,0,-14
2017-08-28 00:00:00-04:00,17.388093948364258,EXPGY,0.0041027103948401145,0,0,0,-11
2017-08-29 00:00:00-04:00,17.423616409301758,EXPGY,0.002042918622534806,0,0,0,-10
2017-08-30 00:00:00-04:00,17.494657516479492,EXPGY,0.004077288291299164,0,0,0,-9
2017-08-31 00:00:00-04:00,17.849878311157227,EXPGY,0.020304529788201187,0,0,0,-8
2017-09-01 00:00:00-04:00,17.876522064208984,EXPGY,0.0014926574056868258,0,0,0,-7
2017-09-05 00:00:00-04:00,17.645626068115234,EXPGY,-0.012916158706062442,0,0,0,-3
2017-09-06 00:00:00-04:00,17.636749267578125,EXPGY,-0.0005030595402421012,0,0,0,-2
2017-09-07 00:00:00-04:00,17.610107421875,EXPGY,-0.0015105870871624516,0,0,0,-1
2017-09-08 00:00:00-04:00,17.787721633911133,EXPGY,0.010085924394504397,0,1,0,0
2017-09-11 00:00:00-04:00,17.849878311157227,EXPGY,0.003494358553913779,0,1,0,3
2017-09-12 00:00:00-04:00,18.1074161529541,EXPGY,0.014427988656701363,0,1,0,4
2017-09-13 00:00:00-04:00,18.08966064453125,EXPGY,-0.0009805655468936303,0,1,0,5
2017-09-14 00:00:00-04:00,17.450258255004883,EXPGY,-0.03534628991062183,0,1,0,6
2017-09-15 00:00:00-04:00,17.521297454833984,EXPGY,0.004070954067899146,0,1,0,7
2017-09-18 00:00:00-04:00,17.521297454833984,EXPGY,0.0,0,1,0,10
2017-09-19 00:00:00-04:00,17.823238372802734,EXPGY,0.017232794474672186,0,1,0,11
2017-09-20 00:00:00-04:00,17.84099769592285,EXPGY,0.0009964139371674285,0,1,0,12
2017-09-21 00:00:00-04:00,17.8587589263916,EXPGY,0.00099552899291111,0,1,0,13
2017-09-22 00:00:00-04:00,17.97420883178711,EXPGY,0.006464609655763676,0,1,0,14
2017-09-25 00:00:00-04:00,17.81435775756836,EXPGY,-0.008893358017297293,0,1,0,17
2017-09-26 00:00:00-04:00,17.876522064208984,EXPGY,0.0034895620424044704,0,1,0,18
2017-09-27 00:00:00-04:00,17.849878311157227,EXPGY,-0.001490432700279043,0,1,0,19
2017-09-28 00:00:00-04:00,17.920923233032227,EXPGY,0.003980134801848667,0,1,0,20
2017-09-29 00:00:00-04:00,17.920923233032227,EXPGY,0.0,0,1,0,21
2017-03-13 00:00:00-04:00,31.967227935791016,BAH,0.010606888707081819,0,0,0,-179
2017-03-14 00:00:00-04:00,31.8123779296875,BAH,-0.004844023586109691,0,0,0,-178
2017-03-15 00:00:00-04:00,32.21669387817383,BAH,0.012709390960334854,0,0,0,-177
2017-03-16 00:00:00-04:00,32.036041259765625,BAH,-0.0056074226328540755,0,0,0,-176
2017-03-17 00:00:00-04:00,32.362945556640625,BAH,0.010204266320681832,0,0,0,-175
2017-03-20 00:00:00-04:00,32.113460540771484,BAH,-0.00770897121933789,0,0,0,-172
2017-03-21 00:00:00-04:00,31.4682674407959,BAH,-0.02009104871013334,0,0,0,-171
2017-03-22 00:00:00-04:00,31.580110549926758,BAH,0.003554155288062244,0,0,0,-170
2017-03-23 00:00:00-04:00,31.47687339782715,BAH,-0.0032690560704781157,0,0,0,-169
2017-03-24 00:00:00-04:00,31.287614822387695,BAH,-0.006012623078774926,0,0,0,-168
2017-03-27 00:00:00-04:00,30.754255294799805,BAH,-0.017046985863756192,0,0,0,-165
2017-03-28 00:00:00-04:00,30.797279357910156,BAH,0.0013989629304282936,0,0,0,-164
2017-03-29 00:00:00-04:00,30.754255294799805,BAH,-0.001397008567229241,0,0,0,-163
2017-03-30 00:00:00-04:00,30.427356719970703,BAH,-0.010629377030773934,0,0,0,-162
2017-03-31 00:00:00-04:00,30.444557189941406,BAH,0.0005652962276350149,0,0,0,-161
2017-04-03 00:00:00-04:00,30.177885055541992,BAH,-0.008759271246274514,0,0,0,-158
2017-04-04 00:00:00-04:00,30.083255767822266,BAH,-0.0031357163547267586,0,0,0,-157
2017-04-05 00:00:00-04:00,29.713340759277344,BAH,-0.01229637547876683,0,0,0,-156
2017-04-06 00:00:00-04:00,29.782163619995117,BAH,0.0023162276256762926,0,0,0,-155
2017-04-07 00:00:00-04:00,30.023035049438477,BAH,0.008087774700211714,0,0,0,-154
2017-04-10 00:00:00-04:00,30.066049575805664,BAH,0.001432717454992627,0,0,0,-151
2017-04-11 00:00:00-04:00,30.384342193603516,BAH,0.010586446250457238,0,0,0,-150
2017-04-12 00:00:00-04:00,29.902603149414062,BAH,-0.0158548452726045,0,0,0,-149
2017-04-13 00:00:00-04:00,29.54129409790039,BAH,-0.012082862809913997,0,0,0,-148
2017-04-17 00:00:00-04:00,30.040239334106445,BAH,0.016889755558864072,0,0,0,-144
2017-04-18 00:00:00-04:00,30.143470764160156,BAH,0.003436438335446601,0,0,0,-143
2017-04-19 00:00:00-04:00,30.384342193603516,BAH,0.007990832619372723,0,0,0,-142
2017-04-20 00:00:00-04:00,30.737051010131836,BAH,0.011608242636319765,0,0,0,-141
2017-04-21 00:00:00-04:00,30.668230056762695,BAH,-0.0022390226488043785,0,0,0,-140
2017-04-24 00:00:00-04:00,30.762863159179688,BAH,0.0030857047257646375,0,0,0,-137
2017-04-25 00:00:00-04:00,30.883283615112305,BAH,0.003914474907927623,0,0,0,-136
2017-04-26 00:00:00-04:00,31.261812210083008,BAH,0.012256747037917792,0,0,0,-135
2017-04-27 00:00:00-04:00,31.124162673950195,BAH,-0.004403120817430328,0,0,0,-134
2017-04-28 00:00:00-04:00,30.909107208251953,BAH,-0.0069095984348596096,0,0,0,-133
2017-05-01 00:00:00-04:00,30.83167839050293,BAH,-0.0025050486650209924,0,0,0,-130
2017-05-02 00:00:00-04:00,30.608020782470703,BAH,-0.007254149618436623,0,0,0,-129
2017-05-03 00:00:00-04:00,30.539188385009766,BAH,-0.0022488352954973534,0,0,0,-128
2017-05-04 00:00:00-04:00,30.840282440185547,BAH,0.009859268405560284,0,0,0,-127
2017-05-05 00:00:00-04:00,30.83167839050293,BAH,-0.00027898738279408253,0,0,0,-126
2017-05-08 00:00:00-04:00,30.77146339416504,BAH,-0.001953023626389383,0,0,0,-123
2017-05-09 00:00:00-04:00,30.608020782470703,BAH,-0.005311499476015391,0,0,0,-122
2017-05-10 00:00:00-04:00,30.74565887451172,BAH,0.004496798176504058,0,0,0,-121
2017-05-11 00:00:00-04:00,30.797279357910156,BAH,0.0016789519329907243,0,0,0,-120
2017-05-12 00:00:00-04:00,30.960718154907227,BAH,0.005306923221940041,0,0,0,-119
2017-05-15 00:00:00-04:00,31.365032196044922,BAH,0.013058936136906452,0,0,0,-116
2017-05-16 00:00:00-04:00,31.287614822387695,BAH,-0.002468270179776466,0,0,0,-115
2017-05-17 00:00:00-04:00,30.65102195739746,BAH,-0.020346481142906492,0,0,0,-114
2017-05-18 00:00:00-04:00,30.616619110107422,BAH,-0.0011224045755425793,0,0,0,-113
2017-05-19 00:00:00-04:00,30.926305770874023,BAH,0.010114985578677516,0,0,0,-112
2017-05-22 00:00:00-04:00,33.11996841430664,BAH,0.0709319328239515,0,0,0,-109
2017-05-23 00:00:00-04:00,32.973724365234375,BAH,-0.004415585402825828,0,0,0,-108
2017-05-24 00:00:00-04:00,33.17158126831055,BAH,0.006000441469231843,0,0,0,-107
2017-05-25 00:00:00-04:00,33.71355056762695,BAH,0.01633836189274951,0,0,0,-106
2017-05-26 00:00:00-04:00,33.756553649902344,BAH,0.0012755429657025363,0,0,0,-105
2017-05-30 00:00:00-04:00,33.76516342163086,BAH,0.0002550548204005576,0,0,0,-101
2017-05-31 00:00:00-04:00,33.928619384765625,BAH,0.004840964668041625,0,0,0,-100
2017-06-01 00:00:00-04:00,33.90280532836914,BAH,-0.0007608342710248017,0,0,0,-99
2017-06-02 00:00:00-04:00,33.73936080932617,BAH,-0.004820973292915087,0,0,0,-98
2017-06-05 00:00:00-04:00,33.421051025390625,BAH,-0.009434375053351984,0,0,0,-95
2017-06-06 00:00:00-04:00,32.92210388183594,BAH,-0.014929127847464363,0,0,0,-94
2017-06-07 00:00:00-04:00,33.31095504760742,BAH,0.011811248976284938,0,0,0,-93
2017-06-08 00:00:00-04:00,33.622032165527344,BAH,0.00933858298194501,0,0,0,-92
2017-06-09 00:00:00-04:00,33.32823944091797,BAH,-0.008738101348632954,0,0,0,-91
2017-06-12 00:00:00-04:00,33.69980239868164,BAH,0.011148592424822024,0,0,0,-88
2017-06-13 00:00:00-04:00,33.86397933959961,BAH,0.004871747880764721,0,0,0,-87
2017-06-14 00:00:00-04:00,34.157772064208984,BAH,0.008675670442127359,0,0,0,-86
2017-06-15 00:00:00-04:00,33.984954833984375,BAH,-0.00505938238301229,0,0,0,-85
2017-06-16 00:00:00-04:00,27.564708709716797,BAH,-0.18891436388926552,0,0,0,-84
2017-06-19 00:00:00-04:00,28.048601150512695,BAH,0.01755478158292023,0,0,0,-81
2017-06-20 00:00:00-04:00,27.849857330322266,BAH,-0.007085694545832855,0,0,0,-80
2017-06-21 00:00:00-04:00,27.95354652404785,BAH,0.003723149906864842,0,0,0,-79
2017-06-22 00:00:00-04:00,28.42015838623047,BAH,0.016692402940041928,0,0,0,-78
2017-06-23 00:00:00-04:00,27.84122085571289,BAH,-0.02037066516835717,0,0,0,-77
2017-06-26 00:00:00-04:00,28.039960861206055,BAH,0.0071383365881523275,0,0,0,-74
2017-06-27 00:00:00-04:00,27.849857330322266,BAH,-0.006779735957007094,0,0,0,-73
2017-06-28 00:00:00-04:00,28.24734115600586,BAH,0.014272382833746988,0,0,0,-72
2017-06-29 00:00:00-04:00,27.95354652404785,BAH,-0.010400788886126389,0,0,0,-71
2017-06-30 00:00:00-04:00,28.11772346496582,BAH,0.005873206134210163,0,0,0,-70
2017-07-03 00:00:00-04:00,28.126365661621094,BAH,0.0003073576232457409,0,0,0,-67
2017-07-05 00:00:00-04:00,28.61026382446289,BAH,0.017204432618967314,0,0,0,-65
2017-07-06 00:00:00-04:00,28.489288330078125,BAH,-0.004228394925926082,0,0,0,-64
2017-07-07 00:00:00-04:00,29.163278579711914,BAH,0.023657672379348682,0,0,0,-63
2017-07-10 00:00:00-04:00,28.73988151550293,BAH,-0.014518157245308139,0,0,0,-60
2017-07-11 00:00:00-04:00,28.878135681152344,BAH,0.00481053359857575,0,0,0,-59
2017-07-12 00:00:00-04:00,29.258337020874023,BAH,0.013165716233192404,0,0,0,-58
2017-07-13 00:00:00-04:00,29.249696731567383,BAH,-0.0002953103349816466,0,0,0,-57
2017-07-14 00:00:00-04:00,29.232418060302734,BAH,-0.0005907299286970202,0,0,0,-56
2017-07-17 00:00:00-04:00,28.51521110534668,BAH,-0.024534643472755135,0,0,0,-53
2017-07-18 00:00:00-04:00,28.51521110534668,BAH,0.0,0,0,0,-52
2017-07-19 00:00:00-04:00,28.955902099609375,BAH,0.01545459343206712,0,0,0,-51
2017-07-20 00:00:00-04:00,28.981830596923828,BAH,0.000895447747587319,0,0,0,-50
2017-07-21 00:00:00-04:00,29.085514068603516,BAH,0.003577533563069446,0,0,0,-49
2017-07-24 00:00:00-04:00,29.241058349609375,BAH,0.0053478264348012505,0,0,0,-46
2017-07-25 00:00:00-04:00,29.500282287597656,BAH,0.008865066882633776,0,0,0,-45
2017-07-26 00:00:00-04:00,29.517566680908203,BAH,0.0005859060310691167,0,0,0,-44
2017-07-27 00:00:00-04:00,29.33610725402832,BAH,-0.00614750629147387,0,0,0,-43
2017-07-28 00:00:00-04:00,29.603973388671875,BAH,0.009130936573282789,0,0,0,-42
2017-07-31 00:00:00-04:00,29.638545989990234,BAH,0.0011678365219578435,0,0,0,-39
2017-08-01 00:00:00-04:00,29.716304779052734,BAH,0.002623569627496547,0,0,0,-38
2017-08-02 00:00:00-04:00,29.396595001220703,BAH,-0.01075873262874183,0,0,0,-37
2017-08-03 00:00:00-04:00,29.77680206298828,BAH,0.012933710919641905,0,0,0,-36
2017-08-04 00:00:00-04:00,29.90641212463379,BAH,0.004352719320608545,0,0,0,-35
2017-08-07 00:00:00-04:00,28.85221290588379,BAH,-0.035249939523225526,0,0,0,-32
2017-08-08 00:00:00-04:00,28.64483070373535,BAH,-0.00718773990837096,0,0,0,-31
2017-08-09 00:00:00-04:00,27.910341262817383,BAH,-0.025641256131501255,0,0,0,-30
2017-08-10 00:00:00-04:00,28.379425048828125,BAH,0.016806809404213974,0,0,0,-29
2017-08-11 00:00:00-04:00,28.89194107055664,BAH,0.018059422304951944,0,0,0,-28
2017-08-14 00:00:00-04:00,29.265466690063477,BAH,0.012928367069372504,0,0,0,-25
2017-08-15 00:00:00-04:00,29.274154663085938,BAH,0.00029686774225989865,0,0,0,-24
2017-08-16 00:00:00-04:00,29.49132537841797,BAH,0.00741851362853807,0,0,0,-23
2017-08-17 00:00:00-04:00,29.109106063842773,BAH,-0.012960398004184248,0,0,0,-22
2017-08-18 00:00:00-04:00,29.256776809692383,BAH,0.005073008615439356,0,0,0,-21
2017-08-21 00:00:00-04:00,29.46526527404785,BAH,0.007126159717170122,0,0,0,-18
2017-08-22 00:00:00-04:00,29.90828514099121,BAH,0.015035325927764687,0,0,0,-17
2017-08-23 00:00:00-04:00,29.86485481262207,BAH,-0.001452116969074102,0,0,0,-16
2017-08-24 00:00:00-04:00,29.534759521484375,BAH,-0.011052968219962156,0,0,0,-15
2017-08-25 00:00:00-04:00,29.508703231811523,BAH,-0.0008822245413543373,0,0,0,-14
2017-08-28 00:00:00-04:00,29.13517189025879,BAH,-0.01265834484892081,0,0,0,-11
2017-08-29 00:00:00-04:00,29.46526527404785,BAH,0.011329721514340196,0,0,0,-10
2017-08-30 00:00:00-04:00,29.4392032623291,BAH,-0.0008844994768028025,0,0,0,-9
2017-08-31 00:00:00-04:00,29.63030242919922,BAH,0.006491315854143753,0,0,0,-8
2017-09-01 00:00:00-04:00,30.10807991027832,BAH,0.016124623844820274,0,0,0,-7
2017-09-05 00:00:00-04:00,29.925662994384766,BAH,-0.006058736274021981,0,0,0,-3
2017-09-06 00:00:00-04:00,30.177570343017578,BAH,0.008417770014989445,0,0,0,-2
2017-09-07 00:00:00-04:00,30.194948196411133,BAH,0.0005758532975328468,0,0,0,-1
2017-09-08 00:00:00-04:00,30.125452041625977,BAH,-0.002301582182989703,0,1,0,0
2017-09-11 00:00:00-04:00,30.290504455566406,BAH,0.0054788360922308765,0,1,0,3
2017-09-12 00:00:00-04:00,30.42079734802246,BAH,0.004301443465465571,0,1,0,4
2017-09-13 00:00:00-04:00,30.05596351623535,BAH,-0.011992908259875867,0,1,0,5
2017-09-14 00:00:00-04:00,29.925662994384766,BAH,-0.004335263508694398,0,1,0,6
2017-09-15 00:00:00-04:00,30.62058448791504,BAH,0.023221590567957362,0,1,0,7
2017-09-18 00:00:00-04:00,31.211288452148438,BAH,0.0192910740964638,0,1,0,10
2017-09-19 00:00:00-04:00,31.567455291748047,BAH,0.011411475054792009,0,1,0,11
2017-09-20 00:00:00-04:00,31.940967559814453,BAH,0.011832194410806629,0,1,0,12
2017-09-21 00:00:00-04:00,32.01046371459961,BAH,0.0021757686161201217,0,1,0,13
2017-09-22 00:00:00-04:00,32.01914978027344,BAH,0.00027135082300810964,0,1,0,14
2017-09-25 00:00:00-04:00,32.01914978027344,BAH,0.0,0,1,0,17
2017-09-26 00:00:00-04:00,32.27105712890625,BAH,0.007867396553671524,0,1,0,18
2017-09-27 00:00:00-04:00,32.357933044433594,BAH,0.002692069093997107,0,1,0,19
2017-09-28 00:00:00-04:00,32.27975845336914,BAH,-0.0024159327778169315,0,1,0,20
2017-09-29 00:00:00-04:00,32.479549407958984,BAH,0.006189357174975818,0,1,0,21
